constellation,stake,loadout,runs,winRate,meanAnte,meanScore,medianScore
lyra,spark,mixed_top,100,0,1.55,1440,1478
lyra,ember,mixed_top,100,0,1.49,1566,1869
lyra,pyre,mixed_top,100,0,1.34,1341,1600
lyra,beacon,mixed_top,100,0,1,971,905
lyra,nova,mixed_top,100,0,1.01,936,949
lyra,supernova,mixed_top,100,0,1,1050,1077
mensa,spark,mixed_top,100,0,1.4,1170,1078
mensa,ember,mixed_top,100,0,1.19,1114,1052
mensa,pyre,mixed_top,100,0,1.2,1036,994
mensa,beacon,mixed_top,100,0,1.02,796,755
mensa,nova,mixed_top,100,0,1.01,676,627
mensa,supernova,mixed_top,100,0,1,758,687
triumvirate,spark,mixed_top,100,0,1,416,410
triumvirate,ember,mixed_top,100,0,1,460,440
triumvirate,pyre,mixed_top,100,0,1,294,116
triumvirate,beacon,mixed_top,100,0,1,220,72
triumvirate,nova,mixed_top,100,0,1,184,56
triumvirate,supernova,mixed_top,100,0,1,206,58
argo,spark,mixed_top,100,0,1,612,656
argo,ember,mixed_top,100,0,1,609,640
argo,pyre,mixed_top,100,0,1,590,622
argo,beacon,mixed_top,100,0,1,311,344
argo,nova,mixed_top,100,0,1,315,312
argo,supernova,mixed_top,100,0,1,335,337
fibonacci,spark,mixed_top,100,0,1.69,1793,1807
fibonacci,ember,mixed_top,100,0,1.59,1836,1937
fibonacci,pyre,mixed_top,100,0,1.4,1572,1775
fibonacci,beacon,mixed_top,100,0,1.14,1096,1087
fibonacci,nova,mixed_top,100,0,1.05,1199,1133
fibonacci,supernova,mixed_top,100,0,1.03,1196,1174
eclipse,spark,mixed_top,100,0,1.02,850,761
eclipse,ember,mixed_top,100,0,1,877,792
eclipse,pyre,mixed_top,100,0,1,877,792
eclipse,beacon,mixed_top,100,0,1,528,416
eclipse,nova,mixed_top,100,0,1,515,416
eclipse,supernova,mixed_top,100,0,1,554,416
polyhedra,spark,mixed_top,100,0,1.35,1258,1378
polyhedra,ember,mixed_top,100,0,1.22,1285,1387
polyhedra,pyre,mixed_top,100,0,1.06,1037,992
polyhedra,beacon,mixed_top,100,0,1.01,701,736
polyhedra,nova,mixed_top,100,0,1,692,757
polyhedra,supernova,mixed_top,100,0,1,740,757
ophiuchus,spark,mixed_top,100,0,1,721,755
ophiuchus,ember,mixed_top,100,0,1,802,851
ophiuchus,pyre,mixed_top,100,0,1,723,784
ophiuchus,beacon,mixed_top,100,0,1,508,503
ophiuchus,nova,mixed_top,100,0,1,483,442
ophiuchus,supernova,mixed_top,100,0,1,463,446
lyra,spark,scaling,100,0,1.16,619,479
lyra,ember,scaling,100,0,1.12,626,479
lyra,pyre,scaling,100,0,1.01,405,292
lyra,beacon,scaling,100,0,1,253,234
lyra,nova,scaling,100,0,1,258,201
lyra,supernova,scaling,100,0,1,271,219
mensa,spark,scaling,100,0,1.01,254,190
mensa,ember,scaling,100,0,1,270,196
mensa,pyre,scaling,100,0,1,234,187
mensa,beacon,scaling,100,0,1,146,116
mensa,nova,scaling,100,0,1,143,110
mensa,supernova,scaling,100,0,1,159,110
triumvirate,spark,scaling,100,0,1,128,103
triumvirate,ember,scaling,100,0,1,137,113
triumvirate,pyre,scaling,100,0,1,92,82
triumvirate,beacon,scaling,100,0,1,68,47
triumvirate,nova,scaling,100,0,1,61,35
triumvirate,supernova,scaling,100,0,1,65,39
argo,spark,scaling,100,0,1,271,245
argo,ember,scaling,100,0,1,249,246
argo,pyre,scaling,100,0,1,263,241
argo,beacon,scaling,100,0,1,168,169
argo,nova,scaling,100,0,1,157,158
argo,supernova,scaling,100,0,1,157,158
fibonacci,spark,scaling,100,0,1.28,845,722
fibonacci,ember,scaling,100,0,1.22,867,722
fibonacci,pyre,scaling,100,0,1.08,654,489
fibonacci,beacon,scaling,100,0,1,445,285
fibonacci,nova,scaling,100,0,1,361,273
fibonacci,supernova,scaling,100,0,1,378,294
eclipse,spark,scaling,100,0,1,440,337
eclipse,ember,scaling,100,0,1,445,319
eclipse,pyre,scaling,100,0,1,445,319
eclipse,beacon,scaling,100,0,1,263,248
eclipse,nova,scaling,100,0,1,261,248
eclipse,supernova,scaling,100,0,1,281,248
polyhedra,spark,scaling,100,0,1.03,350,266
polyhedra,ember,scaling,100,0,1.02,336,266
polyhedra,pyre,scaling,100,0,1,247,212
polyhedra,beacon,scaling,100,0,1,172,186
polyhedra,nova,scaling,100,0,1,146,112
polyhedra,supernova,scaling,100,0,1,149,112
ophiuchus,spark,scaling,100,0,1,261,204
ophiuchus,ember,scaling,100,0,1,260,204
ophiuchus,pyre,scaling,100,0,1,184,146
ophiuchus,beacon,scaling,100,0,1,132,79
ophiuchus,nova,scaling,100,0,1,114,72
ophiuchus,supernova,scaling,100,0,1,119,73
lyra,spark,combo_synergy,100,0,1.36,772,779
lyra,ember,combo_synergy,100,0,1.26,856,860
lyra,pyre,combo_synergy,100,0,1.07,802,832
lyra,beacon,combo_synergy,100,0,1,624,539
lyra,nova,combo_synergy,100,0,1,581,529
lyra,supernova,combo_synergy,100,0,1,551,512
mensa,spark,combo_synergy,100,0,1.06,675,667
mensa,ember,combo_synergy,100,0,1.04,766,751
mensa,pyre,combo_synergy,100,0,1.01,690,679
mensa,beacon,combo_synergy,100,0,1,400,336
mensa,nova,combo_synergy,100,0,1,379,336
mensa,supernova,combo_synergy,100,0,1,385,360
triumvirate,spark,combo_synergy,100,0,1,413,400
triumvirate,ember,combo_synergy,100,0,1,385,343
triumvirate,pyre,combo_synergy,100,0,1,274,161
triumvirate,beacon,combo_synergy,100,0,1,206,236
triumvirate,nova,combo_synergy,100,0,1,193,91
triumvirate,supernova,combo_synergy,100,0,1,207,97
argo,spark,combo_synergy,100,0,1,201,204
argo,ember,combo_synergy,100,0,1,214,213
argo,pyre,combo_synergy,100,0,1,206,204
argo,beacon,combo_synergy,100,0,1,133,135
argo,nova,combo_synergy,100,0,1,125,127
argo,supernova,combo_synergy,100,0,1,125,127
fibonacci,spark,combo_synergy,100,0,1.47,1045,943
fibonacci,ember,combo_synergy,100,0,1.4,1150,956
fibonacci,pyre,combo_synergy,100,0,1.21,901,858
fibonacci,beacon,combo_synergy,100,0,1.02,850,634
fibonacci,nova,combo_synergy,100,0,1.01,696,553
fibonacci,supernova,combo_synergy,100,0,1.01,664,529
eclipse,spark,combo_synergy,100,0,1.14,571,282
eclipse,ember,combo_synergy,100,0,1.09,676,282
eclipse,pyre,combo_synergy,100,0,1.09,676,282
eclipse,beacon,combo_synergy,100,0,1,446,177
eclipse,nova,combo_synergy,100,0,1,465,177
eclipse,supernova,combo_synergy,100,0,1,517,177
polyhedra,spark,combo_synergy,100,0,1.05,673,746
polyhedra,ember,combo_synergy,100,0,1.04,750,791
polyhedra,pyre,combo_synergy,100,0,1,666,741
polyhedra,beacon,combo_synergy,100,0,1,433,436
polyhedra,nova,combo_synergy,100,0,1,382,392
polyhedra,supernova,combo_synergy,100,0,1,390,416
ophiuchus,spark,combo_synergy,100,0,1.03,573,398
ophiuchus,ember,combo_synergy,100,0,1.02,550,392
ophiuchus,pyre,combo_synergy,100,0,1,397,369
ophiuchus,beacon,combo_synergy,100,0,1,320,267
ophiuchus,nova,combo_synergy,100,0,1,272,268
ophiuchus,supernova,combo_synergy,100,0,1,285,268
lyra,spark,economy,100,0,1.14,691,573
lyra,ember,economy,100,0,1.07,746,654
lyra,pyre,economy,100,0,1.01,487,458
lyra,beacon,economy,100,0,1,333,324
lyra,nova,economy,100,0,1,289,284
lyra,supernova,economy,100,0,1,315,290
mensa,spark,economy,100,0,1.01,339,244
mensa,ember,economy,100,0,1,352,239
mensa,pyre,economy,100,0,1,264,221
mensa,beacon,economy,100,0,1,159,129
mensa,nova,economy,100,0,1,170,122
mensa,supernova,economy,100,0,1,191,133
triumvirate,spark,economy,100,0,1,149,125
triumvirate,ember,economy,100,0,1,149,127
triumvirate,pyre,economy,100,0,1,112,109
triumvirate,beacon,economy,100,0,1,81,62
triumvirate,nova,economy,100,0,1,73,44
triumvirate,supernova,economy,100,0,1,78,49
argo,spark,economy,100,0,1.02,481,297
argo,ember,economy,100,0,1,412,312
argo,pyre,economy,100,0,1,389,300
argo,beacon,economy,100,0,1,199,202
argo,nova,economy,100,0,1,187,191
argo,supernova,economy,100,0,1,187,191
fibonacci,spark,economy,100,0,1.24,985,807
fibonacci,ember,economy,100,0,1.23,1011,838
fibonacci,pyre,economy,100,0,1.09,742,608
fibonacci,beacon,economy,100,0,1.03,497,386
fibonacci,nova,economy,100,0,1.02,395,341
fibonacci,supernova,economy,100,0,1,471,345
eclipse,spark,economy,100,0,1,502,497
eclipse,ember,economy,100,0,1,514,507
eclipse,pyre,economy,100,0,1,514,507
eclipse,beacon,economy,100,0,1,304,193
eclipse,nova,economy,100,0,1,299,326
eclipse,supernova,economy,100,0,1,314,338
polyhedra,spark,economy,100,0,1.01,482,454
polyhedra,ember,economy,100,0,1,501,417
polyhedra,pyre,economy,100,0,1,291,222
polyhedra,beacon,economy,100,0,1,239,276
polyhedra,nova,economy,100,0,1,192,134
polyhedra,supernova,economy,100,0,1,191,134
ophiuchus,spark,economy,100,0,1,301,209
ophiuchus,ember,economy,100,0,1,327,242
ophiuchus,pyre,economy,100,0,1,197,153
ophiuchus,beacon,economy,100,0,1,151,112
ophiuchus,nova,economy,100,0,1,127,91
ophiuchus,supernova,economy,100,0,1,148,99
lyra,spark,legendary_only,100,0,1.23,434,437
lyra,ember,legendary_only,100,0,1.2,491,425
lyra,pyre,legendary_only,100,0,1.03,381,342
lyra,beacon,legendary_only,100,0,1,312,255
lyra,nova,legendary_only,100,0,1,287,246
lyra,supernova,legendary_only,100,0,1,300,255
mensa,spark,legendary_only,100,0,1.02,346,298
mensa,ember,legendary_only,100,0,1.02,331,306
mensa,pyre,legendary_only,100,0,1,294,267
mensa,beacon,legendary_only,100,0,1,212,212
mensa,nova,legendary_only,100,0,1,214,203
mensa,supernova,legendary_only,100,0,1,221,203
triumvirate,spark,legendary_only,100,0,1,209,204
triumvirate,ember,legendary_only,100,0,1,224,213
triumvirate,pyre,legendary_only,100,0,1,188,192
triumvirate,beacon,legendary_only,100,0,1,133,118
triumvirate,nova,legendary_only,100,0,1,127,106
triumvirate,supernova,legendary_only,100,0,1,127,106
argo,spark,legendary_only,100,0,1,94,91
argo,ember,legendary_only,100,0,1,94,91
argo,pyre,legendary_only,100,0,1,87,87
argo,beacon,legendary_only,100,0,1,57,57
argo,nova,legendary_only,100,0,1,53,54
argo,supernova,legendary_only,100,0,1,53,54
fibonacci,spark,legendary_only,100,0,1.34,661,512
fibonacci,ember,legendary_only,100,0,1.26,811,527
fibonacci,pyre,legendary_only,100,0,1.12,637,449
fibonacci,beacon,legendary_only,100,0,1,487,284
fibonacci,nova,legendary_only,100,0,1,353,267
fibonacci,supernova,legendary_only,100,0,1,345,273
eclipse,spark,legendary_only,100,0,1.14,484,162
eclipse,ember,legendary_only,100,0,1.08,612,162
eclipse,pyre,legendary_only,100,0,1.08,612,162
eclipse,beacon,legendary_only,100,0,1,389,101
eclipse,nova,legendary_only,100,0,1,433,101
eclipse,supernova,legendary_only,100,0,1,461,101
polyhedra,spark,legendary_only,100,0,1.07,349,346
polyhedra,ember,legendary_only,100,0,1.05,373,322
polyhedra,pyre,legendary_only,100,0,1,293,300
polyhedra,beacon,legendary_only,100,0,1,231,221
polyhedra,nova,legendary_only,100,0,1,199,194
polyhedra,supernova,legendary_only,100,0,1,203,195
ophiuchus,spark,legendary_only,100,0,1.02,323,162
ophiuchus,ember,legendary_only,100,0,1.02,292,162
ophiuchus,pyre,legendary_only,100,0,1,160,151
ophiuchus,beacon,legendary_only,100,0,1,174,100
ophiuchus,nova,legendary_only,100,0,1,121,98
ophiuchus,supernova,legendary_only,100,0,1,121,98
lyra,spark,empty,100,0,1.03,499,389
lyra,ember,empty,100,0,1.02,564,437
lyra,pyre,empty,100,0,1,318,275
lyra,beacon,empty,100,0,1,276,216
lyra,nova,empty,100,0,1,225,204
lyra,supernova,empty,100,0,1,214,209
mensa,spark,empty,100,0,1,188,144
mensa,ember,empty,100,0,1,204,159
mensa,pyre,empty,100,0,1,183,144
mensa,beacon,empty,100,0,1,137,96
mensa,nova,empty,100,0,1,134,90
mensa,supernova,empty,100,0,1,143,96
triumvirate,spark,empty,100,0,1,101,84
triumvirate,ember,empty,100,0,1,114,90
triumvirate,pyre,empty,100,0,1,78,72
triumvirate,beacon,empty,100,0,1,59,42
triumvirate,nova,empty,100,0,1,55,34
triumvirate,supernova,empty,100,0,1,55,34
argo,spark,empty,100,0,1,53,50
argo,ember,empty,100,0,1,53,50
argo,pyre,empty,100,0,1,48,47
argo,beacon,empty,100,0,1,32,29
argo,nova,empty,100,0,1,29,29
argo,supernova,empty,100,0,1,29,29
fibonacci,spark,empty,100,0,1.08,743,528
fibonacci,ember,empty,100,0,1.02,800,591
fibonacci,pyre,empty,100,0,1.01,534,400
fibonacci,beacon,empty,100,0,1.01,384,257
fibonacci,nova,empty,100,0,1,294,227
fibonacci,supernova,empty,100,0,1,293,232
eclipse,spark,empty,100,0,1,326,287
eclipse,ember,empty,100,0,1,347,301
eclipse,pyre,empty,100,0,1,347,301
eclipse,beacon,empty,100,0,1,205,225
eclipse,nova,empty,100,0,1,222,225
eclipse,supernova,empty,100,0,1,233,225
polyhedra,spark,empty,100,0,1,255,244
polyhedra,ember,empty,100,0,1,279,252
polyhedra,pyre,empty,100,0,1,189,161
polyhedra,beacon,empty,100,0,1,160,184
polyhedra,nova,empty,100,0,1,130,89
polyhedra,supernova,empty,100,0,1,135,89
ophiuchus,spark,empty,100,0,1,198,161
ophiuchus,ember,empty,100,0,1,201,161
ophiuchus,pyre,empty,100,0,1,140,110
ophiuchus,beacon,empty,100,0,1,124,75
ophiuchus,nova,empty,100,0,1,107,67
ophiuchus,supernova,empty,100,0,1,107,67
