seed,strategy,constellation,stake,won,finalAnte,goalsCleared,finalScore,totalHands,shardsEarned,catalysts,vouchers,consumables,mods,packs,rerolls,bustReason,combo_chance,combo_one_pair,combo_two_pair,combo_three_kind,combo_sm_straight,combo_full_house,combo_lg_straight,combo_four_kind,combo_five_kind
101,heuristic_shop,lyra,spark,0,1,0,55,4,0,0,0,0,0,0,0,target_miss,0,3,0,1,0,0,0,0,0
102,heuristic_shop,lyra,spark,0,2,5,700,17,40,0,5,0,1,0,0,target_miss,1,4,0,8,0,0,0,4,0
103,heuristic_shop,lyra,spark,0,1,2,0,5,13,2,0,0,0,0,0,iter_cap,0,0,0,5,0,0,0,0,0
104,heuristic_shop,lyra,spark,0,1,1,475,6,7,1,0,0,0,0,0,target_miss,0,4,0,2,0,0,0,0,0
105,heuristic_shop,lyra,spark,0,1,2,0,3,15,3,0,0,0,0,0,iter_cap,0,1,0,1,0,0,0,1,0
106,heuristic_shop,lyra,spark,0,1,2,546,9,13,1,1,0,0,0,0,target_miss,0,3,0,6,0,0,0,0,0
107,heuristic_shop,lyra,spark,0,1,2,1041,8,14,0,2,0,0,0,0,target_miss,0,2,0,5,0,0,0,1,0
108,heuristic_shop,lyra,spark,0,1,2,0,3,16,0,2,0,0,0,0,iter_cap,0,0,0,2,0,0,0,1,0
109,heuristic_shop,lyra,spark,0,1,1,510,5,9,0,1,0,0,0,0,target_miss,0,2,0,2,0,0,0,1,0
110,heuristic_shop,lyra,spark,0,1,1,383,6,9,0,1,0,0,0,0,target_miss,0,3,0,2,0,0,0,1,0
111,heuristic_shop,lyra,spark,0,1,2,1186,7,17,0,2,0,0,0,0,target_miss,0,2,0,2,0,0,0,3,0
112,heuristic_shop,lyra,spark,0,2,3,672,13,24,2,1,0,1,1,0,target_miss,0,4,0,7,0,0,0,2,0
113,heuristic_shop,lyra,spark,0,3,6,1279,22,47,6,2,0,0,0,0,target_miss,0,4,0,13,0,0,0,4,1
114,heuristic_shop,lyra,spark,0,2,5,1095,17,37,5,1,0,1,0,0,target_miss,0,2,0,11,0,0,0,4,0
115,heuristic_shop,lyra,spark,0,1,1,734,6,7,1,0,0,0,0,0,target_miss,0,2,0,4,0,0,0,0,0
116,heuristic_shop,lyra,spark,0,1,2,0,3,15,0,2,0,0,0,0,iter_cap,0,0,0,2,0,0,0,1,0
117,heuristic_shop,lyra,spark,0,1,1,537,7,8,0,1,0,0,0,0,target_miss,0,3,0,3,0,0,0,1,0
118,heuristic_shop,lyra,spark,0,1,2,330,10,18,2,1,0,0,0,0,target_miss,0,5,0,3,0,0,0,2,0
119,heuristic_shop,lyra,spark,0,1,1,354,7,6,1,0,0,0,0,0,target_miss,0,5,0,2,0,0,0,0,0
120,heuristic_shop,lyra,spark,0,1,2,0,3,15,3,0,0,0,0,0,iter_cap,0,1,0,2,0,0,0,0,0
101,heuristic_shop,lyra,ember,0,1,0,32,3,0,0,0,0,0,0,0,target_miss,0,3,0,0,0,0,0,0,0
102,heuristic_shop,lyra,ember,0,1,0,288,3,0,0,0,0,0,0,0,target_miss,0,2,0,1,0,0,0,0,0
103,heuristic_shop,lyra,ember,0,1,2,0,5,11,2,0,0,0,0,0,iter_cap,0,0,0,5,0,0,0,0,0
104,heuristic_shop,lyra,ember,0,1,1,353,6,5,1,0,0,0,0,0,target_miss,1,2,0,3,0,0,0,0,0
105,heuristic_shop,lyra,ember,0,1,2,0,4,12,2,0,0,0,0,0,iter_cap,0,1,0,2,0,0,0,1,0
106,heuristic_shop,lyra,ember,0,1,1,266,4,7,1,0,0,0,0,0,target_miss,0,2,0,2,0,0,0,0,0
107,heuristic_shop,lyra,ember,0,1,0,263,3,0,0,0,0,0,0,0,target_miss,1,1,0,1,0,0,0,0,0
108,heuristic_shop,lyra,ember,0,1,2,0,3,14,0,2,0,0,0,0,iter_cap,0,0,0,2,0,0,0,1,0
109,heuristic_shop,lyra,ember,0,1,1,482,4,8,0,1,0,0,0,0,target_miss,0,1,0,2,0,0,0,1,0
110,heuristic_shop,lyra,ember,0,1,1,326,5,8,0,1,0,0,0,0,target_miss,0,2,0,2,0,0,0,1,0
111,heuristic_shop,lyra,ember,0,1,2,376,6,14,2,0,0,1,0,0,target_miss,0,3,0,1,0,0,0,2,0
112,heuristic_shop,lyra,ember,0,1,1,408,5,8,0,1,0,0,0,0,target_miss,0,2,0,2,0,0,0,1,0
113,heuristic_shop,lyra,ember,0,2,5,1266,14,32,5,1,0,0,0,0,target_miss,0,3,0,9,0,0,0,1,1
114,heuristic_shop,lyra,ember,0,1,2,327,7,12,2,0,0,0,0,0,target_miss,0,2,0,4,0,0,0,1,0
115,heuristic_shop,lyra,ember,0,1,1,393,5,6,1,0,0,0,0,0,target_miss,0,2,0,3,0,0,0,0,0
116,heuristic_shop,lyra,ember,0,1,2,0,3,13,1,1,0,0,0,0,iter_cap,0,0,0,2,0,0,0,1,0
117,heuristic_shop,lyra,ember,0,1,0,241,3,0,0,0,0,0,0,0,target_miss,1,1,0,1,0,0,0,0,0
118,heuristic_shop,lyra,ember,0,1,1,390,6,5,1,0,0,0,0,0,target_miss,0,5,0,1,0,0,0,0,0
119,heuristic_shop,lyra,ember,0,1,0,144,3,0,0,0,0,0,0,0,target_miss,0,3,0,0,0,0,0,0,0
120,heuristic_shop,lyra,ember,0,1,2,0,3,13,2,0,0,0,0,0,iter_cap,0,1,0,2,0,0,0,0,0
101,heuristic_shop,lyra,pyre,0,1,0,238,3,0,0,0,0,0,0,0,target_miss,0,2,0,1,0,0,0,0,0
102,heuristic_shop,lyra,pyre,0,1,0,296,3,0,0,0,0,0,0,0,target_miss,0,2,0,1,0,0,0,0,0
103,heuristic_shop,lyra,pyre,0,1,0,147,3,0,0,0,0,0,0,0,target_miss,0,3,0,0,0,0,0,0,0
104,heuristic_shop,lyra,pyre,0,1,0,144,3,0,0,0,0,0,0,0,target_miss,0,3,0,0,0,0,0,0,0
105,heuristic_shop,lyra,pyre,0,1,0,129,3,0,0,0,0,0,0,0,target_miss,1,2,0,0,0,0,0,0,0
106,heuristic_shop,lyra,pyre,0,1,1,311,4,7,1,0,0,0,0,0,target_miss,1,1,0,2,0,0,0,0,0
107,heuristic_shop,lyra,pyre,0,1,0,289,3,0,0,0,0,0,0,0,target_miss,0,2,0,1,0,0,0,0,0
108,heuristic_shop,lyra,pyre,0,1,1,682,5,6,0,1,0,0,0,0,target_miss,0,1,0,4,0,0,0,0,0
109,heuristic_shop,lyra,pyre,0,1,1,255,4,8,0,1,0,0,0,0,target_miss,0,2,0,1,0,0,0,1,0
110,heuristic_shop,lyra,pyre,0,1,0,71,3,0,0,0,0,0,0,0,target_miss,0,2,0,1,0,0,0,0,0
111,heuristic_shop,lyra,pyre,0,1,0,99,3,0,0,0,0,0,0,0,target_miss,1,2,0,0,0,0,0,0,0
112,heuristic_shop,lyra,pyre,0,1,1,353,5,11,1,1,0,0,0,0,target_miss,0,3,0,1,0,0,0,0,1
113,heuristic_shop,lyra,pyre,0,1,2,128,6,13,1,1,0,0,0,0,target_miss,0,3,0,2,0,0,0,1,0
114,heuristic_shop,lyra,pyre,0,1,1,128,5,6,1,0,0,0,0,0,target_miss,0,3,0,2,0,0,0,0,0
115,heuristic_shop,lyra,pyre,0,1,2,418,7,12,2,0,0,0,0,0,target_miss,0,1,0,5,0,0,0,1,0
116,heuristic_shop,lyra,pyre,0,1,1,661,5,6,0,1,0,0,0,0,target_miss,0,2,0,3,0,0,0,0,0
117,heuristic_shop,lyra,pyre,0,1,0,259,3,0,0,0,0,0,0,0,target_miss,0,2,0,1,0,0,0,0,0
118,heuristic_shop,lyra,pyre,0,1,1,309,6,5,1,0,0,0,0,0,target_miss,1,4,0,1,0,0,0,0,0
119,heuristic_shop,lyra,pyre,0,1,1,374,5,8,0,1,0,0,0,0,target_miss,0,2,0,2,0,0,0,1,0
120,heuristic_shop,lyra,pyre,0,1,0,293,3,0,0,0,0,0,0,0,target_miss,0,2,0,1,0,0,0,0,0
101,heuristic_shop,lyra,beacon,0,1,0,238,3,0,0,0,0,0,0,0,target_miss,0,2,0,1,0,0,0,0,0
102,heuristic_shop,lyra,beacon,0,1,0,296,3,0,0,0,0,0,0,0,target_miss,0,2,0,1,0,0,0,0,0
103,heuristic_shop,lyra,beacon,0,1,0,147,3,0,0,0,0,0,0,0,target_miss,0,3,0,0,0,0,0,0,0
104,heuristic_shop,lyra,beacon,0,1,0,144,3,0,0,0,0,0,0,0,target_miss,0,3,0,0,0,0,0,0,0
105,heuristic_shop,lyra,beacon,0,1,0,129,3,0,0,0,0,0,0,0,target_miss,1,2,0,0,0,0,0,0,0
106,heuristic_shop,lyra,beacon,0,1,1,311,4,7,1,0,0,0,0,0,target_miss,1,1,0,2,0,0,0,0,0
107,heuristic_shop,lyra,beacon,0,1,0,289,3,0,0,0,0,0,0,0,target_miss,0,2,0,1,0,0,0,0,0
108,heuristic_shop,lyra,beacon,0,1,1,803,5,6,1,0,0,0,0,0,target_miss,0,1,0,4,0,0,0,0,0
109,heuristic_shop,lyra,beacon,0,1,1,255,4,7,1,0,0,0,0,0,target_miss,0,2,0,1,0,0,0,1,0
110,heuristic_shop,lyra,beacon,0,1,0,71,3,0,0,0,0,0,0,0,target_miss,0,2,0,1,0,0,0,0,0
111,heuristic_shop,lyra,beacon,0,1,0,99,3,0,0,0,0,0,0,0,target_miss,1,2,0,0,0,0,0,0,0
112,heuristic_shop,lyra,beacon,0,1,1,353,5,11,0,1,0,0,0,0,target_miss,0,3,0,1,0,0,0,0,1
113,heuristic_shop,lyra,beacon,0,1,2,128,6,17,2,0,0,1,0,0,target_miss,0,3,0,2,0,0,0,1,0
114,heuristic_shop,lyra,beacon,0,1,1,128,5,6,1,0,0,0,0,0,target_miss,0,3,0,2,0,0,0,0,0
115,heuristic_shop,lyra,beacon,0,1,2,418,7,12,2,0,0,0,0,0,target_miss,0,1,0,5,0,0,0,1,0
116,heuristic_shop,lyra,beacon,0,1,1,661,5,6,1,0,0,0,0,0,target_miss,0,2,0,3,0,0,0,0,0
117,heuristic_shop,lyra,beacon,0,1,0,259,3,0,0,0,0,0,0,0,target_miss,0,2,0,1,0,0,0,0,0
118,heuristic_shop,lyra,beacon,0,1,1,281,6,5,0,0,0,1,0,0,target_miss,1,4,0,1,0,0,0,0,0
119,heuristic_shop,lyra,beacon,0,1,1,374,5,7,1,0,0,0,0,0,target_miss,0,2,0,2,0,0,0,1,0
120,heuristic_shop,lyra,beacon,0,1,0,293,3,0,0,0,0,0,0,0,target_miss,0,2,0,1,0,0,0,0,0
101,heuristic_shop,lyra,nova,0,1,0,238,2,0,0,0,0,0,0,0,target_miss,0,1,0,1,0,0,0,0,0
102,heuristic_shop,lyra,nova,0,1,0,264,2,0,0,0,0,0,0,0,target_miss,0,1,0,1,0,0,0,0,0
103,heuristic_shop,lyra,nova,0,1,0,62,2,0,0,0,0,0,0,0,target_miss,0,2,0,0,0,0,0,0,0
104,heuristic_shop,lyra,nova,0,1,0,78,2,0,0,0,0,0,0,0,target_miss,0,2,0,0,0,0,0,0,0
105,heuristic_shop,lyra,nova,0,1,0,35,2,0,0,0,0,0,0,0,target_miss,2,0,0,0,0,0,0,0,0
106,heuristic_shop,lyra,nova,0,1,1,49,4,5,0,0,0,1,0,0,target_miss,1,1,0,2,0,0,0,0,0
107,heuristic_shop,lyra,nova,0,1,0,249,2,0,0,0,0,0,0,0,target_miss,0,1,0,1,0,0,0,0,0
108,heuristic_shop,lyra,nova,0,1,0,219,2,0,0,0,0,0,0,0,target_miss,0,1,0,1,0,0,0,0,0
109,heuristic_shop,lyra,nova,0,1,1,231,3,6,1,0,0,0,0,0,target_miss,0,1,0,1,0,0,0,1,0
110,heuristic_shop,lyra,nova,0,1,0,47,2,0,0,0,0,0,0,0,target_miss,0,1,0,1,0,0,0,0,0
111,heuristic_shop,lyra,nova,0,1,0,91,2,0,0,0,0,0,0,0,target_miss,0,2,0,0,0,0,0,0,0
112,heuristic_shop,lyra,nova,0,1,0,89,2,0,0,0,0,0,0,0,target_miss,0,2,0,0,0,0,0,0,0
113,heuristic_shop,lyra,nova,0,1,2,74,5,11,1,0,0,1,0,0,target_miss,0,2,0,2,0,0,0,0,1
114,heuristic_shop,lyra,nova,0,1,1,305,4,5,0,0,0,1,0,0,target_miss,0,1,0,3,0,0,0,0,0
115,heuristic_shop,lyra,nova,0,1,1,268,4,5,0,0,0,0,1,0,target_miss,0,1,0,3,0,0,0,0,0
116,heuristic_shop,lyra,nova,0,1,1,565,4,5,0,0,0,1,0,0,target_miss,0,1,0,3,0,0,0,0,0
117,heuristic_shop,lyra,nova,0,1,0,227,2,0,0,0,0,0,0,0,target_miss,0,1,0,1,0,0,0,0,0
118,heuristic_shop,lyra,nova,0,1,0,210,2,0,0,0,0,0,0,0,target_miss,0,2,0,0,0,0,0,0,0
119,heuristic_shop,lyra,nova,0,1,0,78,2,0,0,0,0,0,0,0,target_miss,0,2,0,0,0,0,0,0,0
120,heuristic_shop,lyra,nova,0,1,0,59,2,0,0,0,0,0,0,0,target_miss,0,2,0,0,0,0,0,0,0
101,heuristic_shop,lyra,supernova,0,1,0,238,2,0,0,0,0,0,0,0,target_miss,0,1,0,1,0,0,0,0,0
102,heuristic_shop,lyra,supernova,0,1,0,264,2,0,0,0,0,0,0,0,target_miss,0,1,0,1,0,0,0,0,0
103,heuristic_shop,lyra,supernova,0,1,0,62,2,0,0,0,0,0,0,0,target_miss,0,2,0,0,0,0,0,0,0
104,heuristic_shop,lyra,supernova,0,1,0,78,2,0,0,0,0,0,0,0,target_miss,0,2,0,0,0,0,0,0,0
105,heuristic_shop,lyra,supernova,0,1,0,35,2,0,0,0,0,0,0,0,target_miss,2,0,0,0,0,0,0,0,0
106,heuristic_shop,lyra,supernova,0,1,1,49,4,5,0,0,0,0,0,0,target_miss,1,1,0,2,0,0,0,0,0
107,heuristic_shop,lyra,supernova,0,1,0,249,2,0,0,0,0,0,0,0,target_miss,0,1,0,1,0,0,0,0,0
108,heuristic_shop,lyra,supernova,0,1,0,219,2,0,0,0,0,0,0,0,target_miss,0,1,0,1,0,0,0,0,0
109,heuristic_shop,lyra,supernova,0,1,1,231,3,6,0,0,0,1,0,0,target_miss,0,1,0,1,0,0,0,1,0
110,heuristic_shop,lyra,supernova,0,1,0,47,2,0,0,0,0,0,0,0,target_miss,0,1,0,1,0,0,0,0,0
111,heuristic_shop,lyra,supernova,0,1,0,91,2,0,0,0,0,0,0,0,target_miss,0,2,0,0,0,0,0,0,0
112,heuristic_shop,lyra,supernova,0,1,0,89,2,0,0,0,0,0,0,0,target_miss,0,2,0,0,0,0,0,0,0
113,heuristic_shop,lyra,supernova,0,1,2,74,5,12,0,1,0,0,0,0,target_miss,0,2,0,2,0,0,0,0,1
114,heuristic_shop,lyra,supernova,0,1,1,305,4,5,0,0,0,0,0,0,target_miss,0,1,0,3,0,0,0,0,0
115,heuristic_shop,lyra,supernova,0,1,1,268,4,5,0,0,0,0,0,0,target_miss,0,1,0,3,0,0,0,0,0
116,heuristic_shop,lyra,supernova,0,1,1,565,4,5,0,0,0,0,0,0,target_miss,0,1,0,3,0,0,0,0,0
117,heuristic_shop,lyra,supernova,0,1,0,227,2,0,0,0,0,0,0,0,target_miss,0,1,0,1,0,0,0,0,0
118,heuristic_shop,lyra,supernova,0,1,0,210,2,0,0,0,0,0,0,0,target_miss,0,2,0,0,0,0,0,0,0
119,heuristic_shop,lyra,supernova,0,1,0,78,2,0,0,0,0,0,0,0,target_miss,0,2,0,0,0,0,0,0,0
120,heuristic_shop,lyra,supernova,0,1,0,59,2,0,0,0,0,0,0,0,target_miss,0,2,0,0,0,0,0,0,0
101,heuristic_shop,mensa,spark,0,1,0,162,4,0,0,0,0,0,0,0,target_miss,0,3,0,1,0,0,0,0,0
102,heuristic_shop,mensa,spark,0,1,0,245,4,0,0,0,0,0,0,0,target_miss,0,4,0,0,0,0,0,0,0
103,heuristic_shop,mensa,spark,0,1,0,220,4,0,0,0,0,0,0,0,target_miss,0,4,0,0,0,0,0,0,0
104,heuristic_shop,mensa,spark,0,1,1,251,7,6,1,0,0,0,0,0,target_miss,0,6,0,1,0,0,0,0,0
105,heuristic_shop,mensa,spark,0,1,2,0,6,12,2,0,0,0,0,0,iter_cap,0,2,0,4,0,0,0,0,0
106,heuristic_shop,mensa,spark,0,1,1,398,5,10,0,1,0,0,0,0,target_miss,1,2,0,1,0,0,0,1,0
107,heuristic_shop,mensa,spark,0,1,0,184,4,0,0,0,0,0,0,0,target_miss,1,3,0,0,0,0,0,0,0
108,heuristic_shop,mensa,spark,0,1,0,229,4,0,0,0,0,0,0,0,target_miss,0,4,0,0,0,0,0,0,0
109,heuristic_shop,mensa,spark,0,1,1,205,6,7,0,1,0,0,0,0,target_miss,0,5,0,1,0,0,0,0,0
110,heuristic_shop,mensa,spark,0,1,1,328,8,5,1,0,0,0,0,0,target_miss,1,4,0,3,0,0,0,0,0
111,heuristic_shop,mensa,spark,0,1,0,190,4,0,0,0,0,0,0,0,target_miss,1,3,0,0,0,0,0,0,0
112,heuristic_shop,mensa,spark,0,1,1,667,6,7,0,1,0,0,0,0,target_miss,0,2,0,4,0,0,0,0,0
113,heuristic_shop,mensa,spark,0,1,1,327,8,5,1,0,0,0,0,0,target_miss,0,6,0,2,0,0,0,0,0
114,heuristic_shop,mensa,spark,0,1,0,176,4,0,0,0,0,0,0,0,target_miss,1,3,0,0,0,0,0,0,0
115,heuristic_shop,mensa,spark,0,1,1,151,7,6,1,0,0,0,0,0,target_miss,1,4,0,2,0,0,0,0,0
116,heuristic_shop,mensa,spark,0,1,1,576,6,7,0,1,0,0,0,0,target_miss,0,4,0,2,0,0,0,0,0
117,heuristic_shop,mensa,spark,0,1,2,506,10,12,2,0,0,0,0,0,target_miss,0,7,0,2,0,0,0,1,0
118,heuristic_shop,mensa,spark,0,1,1,256,7,6,0,1,0,0,0,0,target_miss,1,6,0,0,0,0,0,0,0
119,heuristic_shop,mensa,spark,0,1,0,128,4,0,0,0,0,0,0,0,target_miss,2,2,0,0,0,0,0,0,0
120,heuristic_shop,mensa,spark,0,1,2,0,3,15,3,0,0,0,0,0,iter_cap,0,1,0,2,0,0,0,0,0
101,heuristic_shop,mensa,ember,0,1,0,83,3,0,0,0,0,0,0,0,target_miss,1,2,0,0,0,0,0,0,0
102,heuristic_shop,mensa,ember,0,1,0,131,3,0,0,0,0,0,0,0,target_miss,1,2,0,0,0,0,0,0,0
103,heuristic_shop,mensa,ember,0,1,0,153,3,0,0,0,0,0,0,0,target_miss,0,3,0,0,0,0,0,0,0
104,heuristic_shop,mensa,ember,0,1,0,284,3,0,0,0,0,0,0,0,target_miss,0,2,0,1,0,0,0,0,0
105,heuristic_shop,mensa,ember,0,1,1,417,5,6,1,0,0,0,0,0,target_miss,1,1,0,3,0,0,0,0,0
106,heuristic_shop,mensa,ember,0,1,1,85,4,9,0,1,0,0,0,0,target_miss,1,2,0,0,0,0,0,1,0
107,heuristic_shop,mensa,ember,0,1,0,173,3,0,0,0,0,0,0,0,target_miss,0,3,0,0,0,0,0,0,0
108,heuristic_shop,mensa,ember,0,1,0,99,3,0,0,0,0,0,0,0,target_miss,1,2,0,0,0,0,0,0,0
109,heuristic_shop,mensa,ember,0,1,1,138,6,5,1,0,0,0,0,0,target_miss,0,5,0,1,0,0,0,0,0
110,heuristic_shop,mensa,ember,0,1,0,84,3,0,0,0,0,0,0,0,target_miss,0,2,0,1,0,0,0,0,0
111,heuristic_shop,mensa,ember,0,1,0,177,3,0,0,0,0,0,0,0,target_miss,0,3,0,0,0,0,0,0,0
112,heuristic_shop,mensa,ember,0,1,1,410,5,6,0,1,0,0,0,0,target_miss,1,1,0,3,0,0,0,0,0
113,heuristic_shop,mensa,ember,0,1,0,173,3,0,0,0,0,0,0,0,target_miss,0,3,0,0,0,0,0,0,0
114,heuristic_shop,mensa,ember,0,1,0,167,3,0,0,0,0,0,0,0,target_miss,0,3,0,0,0,0,0,0,0
115,heuristic_shop,mensa,ember,0,1,0,249,3,0,0,0,0,0,0,0,target_miss,1,1,0,1,0,0,0,0,0
116,heuristic_shop,mensa,ember,0,1,1,263,5,6,0,1,0,0,0,0,target_miss,1,2,0,2,0,0,0,0,0
117,heuristic_shop,mensa,ember,0,1,1,234,5,6,1,0,0,0,0,0,target_miss,0,4,0,1,0,0,0,0,0
118,heuristic_shop,mensa,ember,0,1,0,227,3,0,0,0,0,0,0,0,target_miss,2,1,0,0,0,0,0,0,0
119,heuristic_shop,mensa,ember,0,1,0,111,3,0,0,0,0,0,0,0,target_miss,1,2,0,0,0,0,0,0,0
120,heuristic_shop,mensa,ember,0,1,2,0,4,12,2,0,0,0,0,0,iter_cap,1,1,0,2,0,0,0,0,0
101,heuristic_shop,mensa,pyre,0,1,0,83,3,0,0,0,0,0,0,0,target_miss,1,2,0,0,0,0,0,0,0
102,heuristic_shop,mensa,pyre,0,1,0,68,3,0,0,0,0,0,0,0,target_miss,2,1,0,0,0,0,0,0,0
103,heuristic_shop,mensa,pyre,0,1,0,153,3,0,0,0,0,0,0,0,target_miss,0,3,0,0,0,0,0,0,0
104,heuristic_shop,mensa,pyre,0,1,0,237,3,0,0,0,0,0,0,0,target_miss,1,1,0,1,0,0,0,0,0
105,heuristic_shop,mensa,pyre,0,1,0,69,3,0,0,0,0,0,0,0,target_miss,3,0,0,0,0,0,0,0,0
106,heuristic_shop,mensa,pyre,0,1,1,85,4,9,0,1,0,0,0,0,target_miss,1,2,0,0,0,0,0,1,0
107,heuristic_shop,mensa,pyre,0,1,0,72,3,0,0,0,0,0,0,0,target_miss,2,1,0,0,0,0,0,0,0
108,heuristic_shop,mensa,pyre,0,1,0,99,3,0,0,0,0,0,0,0,target_miss,1,2,0,0,0,0,0,0,0
109,heuristic_shop,mensa,pyre,0,1,1,138,6,5,1,0,0,0,0,0,target_miss,0,5,0,1,0,0,0,0,0
110,heuristic_shop,mensa,pyre,0,1,0,84,3,0,0,0,0,0,0,0,target_miss,0,2,0,1,0,0,0,0,0
111,heuristic_shop,mensa,pyre,0,1,0,177,3,0,0,0,0,0,0,0,target_miss,0,3,0,0,0,0,0,0,0
112,heuristic_shop,mensa,pyre,0,1,1,107,5,6,0,1,0,0,0,0,target_miss,1,2,0,2,0,0,0,0,0
113,heuristic_shop,mensa,pyre,0,1,0,173,3,0,0,0,0,0,0,0,target_miss,0,3,0,0,0,0,0,0,0
114,heuristic_shop,mensa,pyre,0,1,0,167,3,0,0,0,0,0,0,0,target_miss,0,3,0,0,0,0,0,0,0
115,heuristic_shop,mensa,pyre,0,1,0,249,3,0,0,0,0,0,0,0,target_miss,1,1,0,1,0,0,0,0,0
116,heuristic_shop,mensa,pyre,0,1,1,580,5,6,0,1,0,0,0,0,target_miss,2,0,0,3,0,0,0,0,0
117,heuristic_shop,mensa,pyre,0,1,0,64,3,0,0,0,0,0,0,0,target_miss,2,1,0,0,0,0,0,0,0
118,heuristic_shop,mensa,pyre,0,1,0,201,3,0,0,0,0,0,0,0,target_miss,2,1,0,0,0,0,0,0,0
119,heuristic_shop,mensa,pyre,0,1,0,111,3,0,0,0,0,0,0,0,target_miss,1,2,0,0,0,0,0,0,0
120,heuristic_shop,mensa,pyre,0,1,2,0,4,12,2,0,0,0,0,0,iter_cap,1,1,0,2,0,0,0,0,0
101,heuristic_shop,mensa,beacon,0,1,0,83,3,0,0,0,0,0,0,0,target_miss,1,2,0,0,0,0,0,0,0
102,heuristic_shop,mensa,beacon,0,1,0,68,3,0,0,0,0,0,0,0,target_miss,2,1,0,0,0,0,0,0,0
103,heuristic_shop,mensa,beacon,0,1,0,153,3,0,0,0,0,0,0,0,target_miss,0,3,0,0,0,0,0,0,0
104,heuristic_shop,mensa,beacon,0,1,0,237,3,0,0,0,0,0,0,0,target_miss,1,1,0,1,0,0,0,0,0
105,heuristic_shop,mensa,beacon,0,1,0,69,3,0,0,0,0,0,0,0,target_miss,3,0,0,0,0,0,0,0,0
106,heuristic_shop,mensa,beacon,0,1,1,85,4,8,1,0,0,0,0,0,target_miss,1,2,0,0,0,0,0,1,0
107,heuristic_shop,mensa,beacon,0,1,0,72,3,0,0,0,0,0,0,0,target_miss,2,1,0,0,0,0,0,0,0
108,heuristic_shop,mensa,beacon,0,1,0,99,3,0,0,0,0,0,0,0,target_miss,1,2,0,0,0,0,0,0,0
109,heuristic_shop,mensa,beacon,0,1,0,306,3,0,0,0,0,0,0,0,target_miss,0,2,0,1,0,0,0,0,0
110,heuristic_shop,mensa,beacon,0,1,0,84,3,0,0,0,0,0,0,0,target_miss,0,2,0,1,0,0,0,0,0
111,heuristic_shop,mensa,beacon,0,1,0,177,3,0,0,0,0,0,0,0,target_miss,0,3,0,0,0,0,0,0,0
112,heuristic_shop,mensa,beacon,0,1,1,107,5,6,1,0,0,0,0,0,target_miss,1,2,0,2,0,0,0,0,0
113,heuristic_shop,mensa,beacon,0,1,0,173,3,0,0,0,0,0,0,0,target_miss,0,3,0,0,0,0,0,0,0
114,heuristic_shop,mensa,beacon,0,1,0,167,3,0,0,0,0,0,0,0,target_miss,0,3,0,0,0,0,0,0,0
115,heuristic_shop,mensa,beacon,0,1,0,249,3,0,0,0,0,0,0,0,target_miss,1,1,0,1,0,0,0,0,0
116,heuristic_shop,mensa,beacon,0,1,1,580,5,6,1,0,0,0,0,0,target_miss,2,0,0,3,0,0,0,0,0
117,heuristic_shop,mensa,beacon,0,1,0,64,3,0,0,0,0,0,0,0,target_miss,2,1,0,0,0,0,0,0,0
118,heuristic_shop,mensa,beacon,0,1,0,201,3,0,0,0,0,0,0,0,target_miss,2,1,0,0,0,0,0,0,0
119,heuristic_shop,mensa,beacon,0,1,0,111,3,0,0,0,0,0,0,0,target_miss,1,2,0,0,0,0,0,0,0
120,heuristic_shop,mensa,beacon,0,1,0,304,3,0,0,0,0,0,0,0,target_miss,1,1,0,1,0,0,0,0,0
101,heuristic_shop,mensa,nova,0,1,0,83,2,0,0,0,0,0,0,0,target_miss,0,2,0,0,0,0,0,0,0
102,heuristic_shop,mensa,nova,0,1,0,57,2,0,0,0,0,0,0,0,target_miss,1,1,0,0,0,0,0,0,0
103,heuristic_shop,mensa,nova,0,1,0,45,2,0,0,0,0,0,0,0,target_miss,1,1,0,0,0,0,0,0,0
104,heuristic_shop,mensa,nova,0,1,0,207,2,0,0,0,0,0,0,0,target_miss,1,0,0,1,0,0,0,0,0
105,heuristic_shop,mensa,nova,0,1,0,33,2,0,0,0,0,0,0,0,target_miss,2,0,0,0,0,0,0,0,0
106,heuristic_shop,mensa,nova,0,1,1,37,3,7,1,0,0,0,0,0,target_miss,1,1,0,0,0,0,0,1,0
107,heuristic_shop,mensa,nova,0,1,0,61,2,0,0,0,0,0,0,0,target_miss,1,1,0,0,0,0,0,0,0
108,heuristic_shop,mensa,nova,0,1,0,45,2,0,0,0,0,0,0,0,target_miss,1,1,0,0,0,0,0,0,0
109,heuristic_shop,mensa,nova,0,1,0,256,2,0,0,0,0,0,0,0,target_miss,0,1,0,1,0,0,0,0,0
110,heuristic_shop,mensa,nova,0,1,0,58,2,0,0,0,0,0,0,0,target_miss,0,1,0,1,0,0,0,0,0
111,heuristic_shop,mensa,nova,0,1,0,111,2,0,0,0,0,0,0,0,target_miss,0,2,0,0,0,0,0,0,0
112,heuristic_shop,mensa,nova,0,1,0,179,2,0,0,0,0,0,0,0,target_miss,1,0,0,1,0,0,0,0,0
113,heuristic_shop,mensa,nova,0,1,0,98,2,0,0,0,0,0,0,0,target_miss,0,2,0,0,0,0,0,0,0
114,heuristic_shop,mensa,nova,0,1,0,83,2,0,0,0,0,0,0,0,target_miss,0,2,0,0,0,0,0,0,0
115,heuristic_shop,mensa,nova,0,1,0,242,2,0,0,0,0,0,0,0,target_miss,0,1,0,1,0,0,0,0,0
116,heuristic_shop,mensa,nova,0,1,1,543,4,5,0,0,0,1,0,0,target_miss,1,0,0,3,0,0,0,0,0
117,heuristic_shop,mensa,nova,0,1,0,51,2,0,0,0,0,0,0,0,target_miss,1,1,0,0,0,0,0,0,0
118,heuristic_shop,mensa,nova,0,1,0,94,2,0,0,0,0,0,0,0,target_miss,2,0,0,0,0,0,0,0,0
119,heuristic_shop,mensa,nova,0,1,0,96,2,0,0,0,0,0,0,0,target_miss,0,2,0,0,0,0,0,0,0
120,heuristic_shop,mensa,nova,0,1,0,74,2,0,0,0,0,0,0,0,target_miss,0,2,0,0,0,0,0,0,0
101,heuristic_shop,mensa,supernova,0,1,0,83,2,0,0,0,0,0,0,0,target_miss,0,2,0,0,0,0,0,0,0
102,heuristic_shop,mensa,supernova,0,1,0,57,2,0,0,0,0,0,0,0,target_miss,1,1,0,0,0,0,0,0,0
103,heuristic_shop,mensa,supernova,0,1,0,45,2,0,0,0,0,0,0,0,target_miss,1,1,0,0,0,0,0,0,0
104,heuristic_shop,mensa,supernova,0,1,0,207,2,0,0,0,0,0,0,0,target_miss,1,0,0,1,0,0,0,0,0
105,heuristic_shop,mensa,supernova,0,1,0,33,2,0,0,0,0,0,0,0,target_miss,2,0,0,0,0,0,0,0,0
106,heuristic_shop,mensa,supernova,0,1,1,37,3,7,0,0,0,1,0,0,target_miss,1,1,0,0,0,0,0,1,0
107,heuristic_shop,mensa,supernova,0,1,0,61,2,0,0,0,0,0,0,0,target_miss,1,1,0,0,0,0,0,0,0
108,heuristic_shop,mensa,supernova,0,1,0,45,2,0,0,0,0,0,0,0,target_miss,1,1,0,0,0,0,0,0,0
109,heuristic_shop,mensa,supernova,0,1,0,256,2,0,0,0,0,0,0,0,target_miss,0,1,0,1,0,0,0,0,0
110,heuristic_shop,mensa,supernova,0,1,0,58,2,0,0,0,0,0,0,0,target_miss,0,1,0,1,0,0,0,0,0
111,heuristic_shop,mensa,supernova,0,1,0,111,2,0,0,0,0,0,0,0,target_miss,0,2,0,0,0,0,0,0,0
112,heuristic_shop,mensa,supernova,0,1,0,179,2,0,0,0,0,0,0,0,target_miss,1,0,0,1,0,0,0,0,0
113,heuristic_shop,mensa,supernova,0,1,0,98,2,0,0,0,0,0,0,0,target_miss,0,2,0,0,0,0,0,0,0
114,heuristic_shop,mensa,supernova,0,1,0,83,2,0,0,0,0,0,0,0,target_miss,0,2,0,0,0,0,0,0,0
115,heuristic_shop,mensa,supernova,0,1,0,242,2,0,0,0,0,0,0,0,target_miss,0,1,0,1,0,0,0,0,0
116,heuristic_shop,mensa,supernova,0,1,1,543,4,5,0,0,0,0,0,0,target_miss,1,0,0,3,0,0,0,0,0
117,heuristic_shop,mensa,supernova,0,1,0,51,2,0,0,0,0,0,0,0,target_miss,1,1,0,0,0,0,0,0,0
118,heuristic_shop,mensa,supernova,0,1,0,94,2,0,0,0,0,0,0,0,target_miss,2,0,0,0,0,0,0,0,0
119,heuristic_shop,mensa,supernova,0,1,0,96,2,0,0,0,0,0,0,0,target_miss,0,2,0,0,0,0,0,0,0
120,heuristic_shop,mensa,supernova,0,1,0,74,2,0,0,0,0,0,0,0,target_miss,0,2,0,0,0,0,0,0,0
101,heuristic_shop,triumvirate,spark,0,1,0,12,4,0,0,0,0,0,0,0,target_miss,3,1,0,0,0,0,0,0,0
102,heuristic_shop,triumvirate,spark,0,1,0,182,4,0,0,0,0,0,0,0,target_miss,2,2,0,0,0,0,0,0,0
103,heuristic_shop,triumvirate,spark,0,1,0,92,4,0,0,0,0,0,0,0,target_miss,3,1,0,0,0,0,0,0,0
104,heuristic_shop,triumvirate,spark,0,1,1,97,7,6,1,0,0,0,0,0,target_miss,5,1,0,1,0,0,0,0,0
105,heuristic_shop,triumvirate,spark,0,1,0,190,4,0,0,0,0,0,0,0,target_miss,2,2,0,0,0,0,0,0,0
106,heuristic_shop,triumvirate,spark,0,1,1,68,7,6,1,0,0,0,0,0,target_miss,5,2,0,0,0,0,0,0,0
107,heuristic_shop,triumvirate,spark,0,1,0,64,4,0,0,0,0,0,0,0,target_miss,4,0,0,0,0,0,0,0,0
108,heuristic_shop,triumvirate,spark,0,1,1,307,6,7,0,1,0,0,0,0,target_miss,1,4,0,1,0,0,0,0,0
109,heuristic_shop,triumvirate,spark,0,1,0,247,4,0,0,0,0,0,0,0,target_miss,1,3,0,0,0,0,0,0,0
110,heuristic_shop,triumvirate,spark,0,1,0,57,4,0,0,0,0,0,0,0,target_miss,2,2,0,0,0,0,0,0,0
111,heuristic_shop,triumvirate,spark,0,1,0,64,4,0,0,0,0,0,0,0,target_miss,4,0,0,0,0,0,0,0,0
112,heuristic_shop,triumvirate,spark,0,1,0,136,4,0,0,0,0,0,0,0,target_miss,2,2,0,0,0,0,0,0,0
113,heuristic_shop,triumvirate,spark,0,1,1,184,5,8,0,1,0,0,0,0,target_miss,1,3,0,1,0,0,0,0,0
114,heuristic_shop,triumvirate,spark,0,1,0,222,4,0,0,0,0,0,0,0,target_miss,1,3,0,0,0,0,0,0,0
115,heuristic_shop,triumvirate,spark,0,1,1,476,6,7,1,0,0,0,0,0,target_miss,3,1,0,2,0,0,0,0,0
116,heuristic_shop,triumvirate,spark,0,1,0,70,4,0,0,0,0,0,0,0,target_miss,3,1,0,0,0,0,0,0,0
117,heuristic_shop,triumvirate,spark,0,1,0,82,4,0,0,0,0,0,0,0,target_miss,3,1,0,0,0,0,0,0,0
118,heuristic_shop,triumvirate,spark,0,1,1,164,7,6,0,1,0,0,0,0,target_miss,3,4,0,0,0,0,0,0,0
119,heuristic_shop,triumvirate,spark,0,1,0,119,4,0,0,0,0,0,0,0,target_miss,3,1,0,0,0,0,0,0,0
120,heuristic_shop,triumvirate,spark,0,1,0,187,4,0,0,0,0,0,0,0,target_miss,1,3,0,0,0,0,0,0,0
101,heuristic_shop,triumvirate,ember,0,1,0,12,3,0,0,0,0,0,0,0,target_miss,3,0,0,0,0,0,0,0,0
102,heuristic_shop,triumvirate,ember,0,1,0,89,3,0,0,0,0,0,0,0,target_miss,2,1,0,0,0,0,0,0,0
103,heuristic_shop,triumvirate,ember,0,1,0,83,3,0,0,0,0,0,0,0,target_miss,2,1,0,0,0,0,0,0,0
104,heuristic_shop,triumvirate,ember,0,1,0,73,3,0,0,0,0,0,0,0,target_miss,2,1,0,0,0,0,0,0,0
105,heuristic_shop,triumvirate,ember,0,1,0,209,3,0,0,0,0,0,0,0,target_miss,1,2,0,0,0,0,0,0,0
106,heuristic_shop,triumvirate,ember,0,1,0,278,3,0,0,0,0,0,0,0,target_miss,1,2,0,0,0,0,0,0,0
107,heuristic_shop,triumvirate,ember,0,1,0,44,3,0,0,0,0,0,0,0,target_miss,3,0,0,0,0,0,0,0,0
108,heuristic_shop,triumvirate,ember,0,1,1,247,5,6,0,1,0,0,0,0,target_miss,1,3,0,1,0,0,0,0,0
109,heuristic_shop,triumvirate,ember,0,1,0,233,3,0,0,0,0,0,0,0,target_miss,0,3,0,0,0,0,0,0,0
110,heuristic_shop,triumvirate,ember,0,1,0,45,3,0,0,0,0,0,0,0,target_miss,1,2,0,0,0,0,0,0,0
111,heuristic_shop,triumvirate,ember,0,1,0,46,3,0,0,0,0,0,0,0,target_miss,3,0,0,0,0,0,0,0,0
112,heuristic_shop,triumvirate,ember,0,1,0,122,3,0,0,0,0,0,0,0,target_miss,1,2,0,0,0,0,0,0,0
113,heuristic_shop,triumvirate,ember,0,1,1,87,4,7,0,1,0,0,0,0,target_miss,2,1,0,1,0,0,0,0,0
114,heuristic_shop,triumvirate,ember,0,1,0,156,3,0,0,0,0,0,0,0,target_miss,1,2,0,0,0,0,0,0,0
115,heuristic_shop,triumvirate,ember,0,1,1,458,5,6,1,0,0,0,0,0,target_miss,2,1,0,2,0,0,0,0,0
116,heuristic_shop,triumvirate,ember,0,1,0,59,3,0,0,0,0,0,0,0,target_miss,2,1,0,0,0,0,0,0,0
117,heuristic_shop,triumvirate,ember,0,1,0,68,3,0,0,0,0,0,0,0,target_miss,2,1,0,0,0,0,0,0,0
118,heuristic_shop,triumvirate,ember,0,1,0,246,3,0,0,0,0,0,0,0,target_miss,2,1,0,0,0,0,0,0,0
119,heuristic_shop,triumvirate,ember,0,1,0,101,3,0,0,0,0,0,0,0,target_miss,2,1,0,0,0,0,0,0,0
120,heuristic_shop,triumvirate,ember,0,1,0,54,3,0,0,0,0,0,0,0,target_miss,2,1,0,0,0,0,0,0,0
101,heuristic_shop,triumvirate,pyre,0,1,0,82,3,0,0,0,0,0,0,0,target_miss,1,2,0,0,0,0,0,0,0
102,heuristic_shop,triumvirate,pyre,0,1,0,85,3,0,0,0,0,0,0,0,target_miss,2,1,0,0,0,0,0,0,0
103,heuristic_shop,triumvirate,pyre,0,1,0,49,3,0,0,0,0,0,0,0,target_miss,3,0,0,0,0,0,0,0,0
104,heuristic_shop,triumvirate,pyre,0,1,0,44,3,0,0,0,0,0,0,0,target_miss,3,0,0,0,0,0,0,0,0
105,heuristic_shop,triumvirate,pyre,0,1,0,71,3,0,0,0,0,0,0,0,target_miss,3,0,0,0,0,0,0,0,0
106,heuristic_shop,triumvirate,pyre,0,1,0,229,3,0,0,0,0,0,0,0,target_miss,2,1,0,0,0,0,0,0,0
107,heuristic_shop,triumvirate,pyre,0,1,0,46,3,0,0,0,0,0,0,0,target_miss,3,0,0,0,0,0,0,0,0
108,heuristic_shop,triumvirate,pyre,0,1,0,65,3,0,0,0,0,0,0,0,target_miss,2,1,0,0,0,0,0,0,0
109,heuristic_shop,triumvirate,pyre,0,1,0,76,3,0,0,0,0,0,0,0,target_miss,2,1,0,0,0,0,0,0,0
110,heuristic_shop,triumvirate,pyre,0,1,0,47,3,0,0,0,0,0,0,0,target_miss,1,2,0,0,0,0,0,0,0
111,heuristic_shop,triumvirate,pyre,0,1,0,55,3,0,0,0,0,0,0,0,target_miss,3,0,0,0,0,0,0,0,0
112,heuristic_shop,triumvirate,pyre,0,1,0,86,3,0,0,0,0,0,0,0,target_miss,1,2,0,0,0,0,0,0,0
113,heuristic_shop,triumvirate,pyre,0,1,0,93,3,0,0,0,0,0,0,0,target_miss,2,1,0,0,0,0,0,0,0
114,heuristic_shop,triumvirate,pyre,0,1,0,79,3,0,0,0,0,0,0,0,target_miss,2,1,0,0,0,0,0,0,0
115,heuristic_shop,triumvirate,pyre,0,1,0,106,3,0,0,0,0,0,0,0,target_miss,1,2,0,0,0,0,0,0,0
116,heuristic_shop,triumvirate,pyre,0,1,0,128,3,0,0,0,0,0,0,0,target_miss,1,2,0,0,0,0,0,0,0
117,heuristic_shop,triumvirate,pyre,0,1,0,99,3,0,0,0,0,0,0,0,target_miss,2,1,0,0,0,0,0,0,0
118,heuristic_shop,triumvirate,pyre,0,1,0,217,3,0,0,0,0,0,0,0,target_miss,2,1,0,0,0,0,0,0,0
119,heuristic_shop,triumvirate,pyre,0,1,1,108,5,6,1,0,0,0,0,0,target_miss,3,1,0,1,0,0,0,0,0
120,heuristic_shop,triumvirate,pyre,0,1,0,118,3,0,0,0,0,0,0,0,target_miss,1,2,0,0,0,0,0,0,0
101,heuristic_shop,triumvirate,beacon,0,1,0,82,3,0,0,0,0,0,0,0,target_miss,1,2,0,0,0,0,0,0,0
102,heuristic_shop,triumvirate,beacon,0,1,0,85,3,0,0,0,0,0,0,0,target_miss,2,1,0,0,0,0,0,0,0
103,heuristic_shop,triumvirate,beacon,0,1,0,49,3,0,0,0,0,0,0,0,target_miss,3,0,0,0,0,0,0,0,0
104,heuristic_shop,triumvirate,beacon,0,1,0,44,3,0,0,0,0,0,0,0,target_miss,3,0,0,0,0,0,0,0,0
105,heuristic_shop,triumvirate,beacon,0,1,0,71,3,0,0,0,0,0,0,0,target_miss,3,0,0,0,0,0,0,0,0
106,heuristic_shop,triumvirate,beacon,0,1,0,229,3,0,0,0,0,0,0,0,target_miss,2,1,0,0,0,0,0,0,0
107,heuristic_shop,triumvirate,beacon,0,1,0,46,3,0,0,0,0,0,0,0,target_miss,3,0,0,0,0,0,0,0,0
108,heuristic_shop,triumvirate,beacon,0,1,0,65,3,0,0,0,0,0,0,0,target_miss,2,1,0,0,0,0,0,0,0
109,heuristic_shop,triumvirate,beacon,0,1,0,76,3,0,0,0,0,0,0,0,target_miss,2,1,0,0,0,0,0,0,0
110,heuristic_shop,triumvirate,beacon,0,1,0,47,3,0,0,0,0,0,0,0,target_miss,1,2,0,0,0,0,0,0,0
111,heuristic_shop,triumvirate,beacon,0,1,0,55,3,0,0,0,0,0,0,0,target_miss,3,0,0,0,0,0,0,0,0
112,heuristic_shop,triumvirate,beacon,0,1,0,86,3,0,0,0,0,0,0,0,target_miss,1,2,0,0,0,0,0,0,0
113,heuristic_shop,triumvirate,beacon,0,1,0,93,3,0,0,0,0,0,0,0,target_miss,2,1,0,0,0,0,0,0,0
114,heuristic_shop,triumvirate,beacon,0,1,0,79,3,0,0,0,0,0,0,0,target_miss,2,1,0,0,0,0,0,0,0
115,heuristic_shop,triumvirate,beacon,0,1,0,106,3,0,0,0,0,0,0,0,target_miss,1,2,0,0,0,0,0,0,0
116,heuristic_shop,triumvirate,beacon,0,1,0,128,3,0,0,0,0,0,0,0,target_miss,1,2,0,0,0,0,0,0,0
117,heuristic_shop,triumvirate,beacon,0,1,0,99,3,0,0,0,0,0,0,0,target_miss,2,1,0,0,0,0,0,0,0
118,heuristic_shop,triumvirate,beacon,0,1,0,217,3,0,0,0,0,0,0,0,target_miss,2,1,0,0,0,0,0,0,0
119,heuristic_shop,triumvirate,beacon,0,1,1,108,5,6,1,0,0,0,0,0,target_miss,3,1,0,1,0,0,0,0,0
120,heuristic_shop,triumvirate,beacon,0,1,0,118,3,0,0,0,0,0,0,0,target_miss,1,2,0,0,0,0,0,0,0
101,heuristic_shop,triumvirate,nova,0,1,0,67,2,0,0,0,0,0,0,0,target_miss,1,1,0,0,0,0,0,0,0
102,heuristic_shop,triumvirate,nova,0,1,0,71,2,0,0,0,0,0,0,0,target_miss,1,1,0,0,0,0,0,0,0
103,heuristic_shop,triumvirate,nova,0,1,0,26,2,0,0,0,0,0,0,0,target_miss,2,0,0,0,0,0,0,0,0
104,heuristic_shop,triumvirate,nova,0,1,0,27,2,0,0,0,0,0,0,0,target_miss,2,0,0,0,0,0,0,0,0
105,heuristic_shop,triumvirate,nova,0,1,0,55,2,0,0,0,0,0,0,0,target_miss,2,0,0,0,0,0,0,0,0
106,heuristic_shop,triumvirate,nova,0,1,0,182,2,0,0,0,0,0,0,0,target_miss,1,1,0,0,0,0,0,0,0
107,heuristic_shop,triumvirate,nova,0,1,0,29,2,0,0,0,0,0,0,0,target_miss,2,0,0,0,0,0,0,0,0
108,heuristic_shop,triumvirate,nova,0,1,0,53,2,0,0,0,0,0,0,0,target_miss,1,1,0,0,0,0,0,0,0
109,heuristic_shop,triumvirate,nova,0,1,0,59,2,0,0,0,0,0,0,0,target_miss,1,1,0,0,0,0,0,0,0
110,heuristic_shop,triumvirate,nova,0,1,0,13,2,0,0,0,0,0,0,0,target_miss,1,1,0,0,0,0,0,0,0
111,heuristic_shop,triumvirate,nova,0,1,0,38,2,0,0,0,0,0,0,0,target_miss,2,0,0,0,0,0,0,0,0
112,heuristic_shop,triumvirate,nova,0,1,0,52,2,0,0,0,0,0,0,0,target_miss,1,1,0,0,0,0,0,0,0
113,heuristic_shop,triumvirate,nova,0,1,0,78,2,0,0,0,0,0,0,0,target_miss,1,1,0,0,0,0,0,0,0
114,heuristic_shop,triumvirate,nova,0,1,0,69,2,0,0,0,0,0,0,0,target_miss,1,1,0,0,0,0,0,0,0
115,heuristic_shop,triumvirate,nova,0,1,0,93,2,0,0,0,0,0,0,0,target_miss,0,2,0,0,0,0,0,0,0
116,heuristic_shop,triumvirate,nova,0,1,0,111,2,0,0,0,0,0,0,0,target_miss,0,2,0,0,0,0,0,0,0
117,heuristic_shop,triumvirate,nova,0,1,0,30,2,0,0,0,0,0,0,0,target_miss,2,0,0,0,0,0,0,0,0
118,heuristic_shop,triumvirate,nova,0,1,0,174,2,0,0,0,0,0,0,0,target_miss,1,1,0,0,0,0,0,0,0
119,heuristic_shop,triumvirate,nova,0,1,0,93,2,0,0,0,0,0,0,0,target_miss,1,1,0,0,0,0,0,0,0
120,heuristic_shop,triumvirate,nova,0,1,0,44,2,0,0,0,0,0,0,0,target_miss,1,1,0,0,0,0,0,0,0
101,heuristic_shop,triumvirate,supernova,0,1,0,67,2,0,0,0,0,0,0,0,target_miss,1,1,0,0,0,0,0,0,0
102,heuristic_shop,triumvirate,supernova,0,1,0,71,2,0,0,0,0,0,0,0,target_miss,1,1,0,0,0,0,0,0,0
103,heuristic_shop,triumvirate,supernova,0,1,0,26,2,0,0,0,0,0,0,0,target_miss,2,0,0,0,0,0,0,0,0
104,heuristic_shop,triumvirate,supernova,0,1,0,27,2,0,0,0,0,0,0,0,target_miss,2,0,0,0,0,0,0,0,0
105,heuristic_shop,triumvirate,supernova,0,1,0,55,2,0,0,0,0,0,0,0,target_miss,2,0,0,0,0,0,0,0,0
106,heuristic_shop,triumvirate,supernova,0,1,0,182,2,0,0,0,0,0,0,0,target_miss,1,1,0,0,0,0,0,0,0
107,heuristic_shop,triumvirate,supernova,0,1,0,29,2,0,0,0,0,0,0,0,target_miss,2,0,0,0,0,0,0,0,0
108,heuristic_shop,triumvirate,supernova,0,1,0,53,2,0,0,0,0,0,0,0,target_miss,1,1,0,0,0,0,0,0,0
109,heuristic_shop,triumvirate,supernova,0,1,0,59,2,0,0,0,0,0,0,0,target_miss,1,1,0,0,0,0,0,0,0
110,heuristic_shop,triumvirate,supernova,0,1,0,13,2,0,0,0,0,0,0,0,target_miss,1,1,0,0,0,0,0,0,0
111,heuristic_shop,triumvirate,supernova,0,1,0,38,2,0,0,0,0,0,0,0,target_miss,2,0,0,0,0,0,0,0,0
112,heuristic_shop,triumvirate,supernova,0,1,0,52,2,0,0,0,0,0,0,0,target_miss,1,1,0,0,0,0,0,0,0
113,heuristic_shop,triumvirate,supernova,0,1,0,78,2,0,0,0,0,0,0,0,target_miss,1,1,0,0,0,0,0,0,0
114,heuristic_shop,triumvirate,supernova,0,1,0,69,2,0,0,0,0,0,0,0,target_miss,1,1,0,0,0,0,0,0,0
115,heuristic_shop,triumvirate,supernova,0,1,0,93,2,0,0,0,0,0,0,0,target_miss,0,2,0,0,0,0,0,0,0
116,heuristic_shop,triumvirate,supernova,0,1,0,111,2,0,0,0,0,0,0,0,target_miss,0,2,0,0,0,0,0,0,0
117,heuristic_shop,triumvirate,supernova,0,1,0,30,2,0,0,0,0,0,0,0,target_miss,2,0,0,0,0,0,0,0,0
118,heuristic_shop,triumvirate,supernova,0,1,0,174,2,0,0,0,0,0,0,0,target_miss,1,1,0,0,0,0,0,0,0
119,heuristic_shop,triumvirate,supernova,0,1,0,93,2,0,0,0,0,0,0,0,target_miss,1,1,0,0,0,0,0,0,0
120,heuristic_shop,triumvirate,supernova,0,1,0,44,2,0,0,0,0,0,0,0,target_miss,1,1,0,0,0,0,0,0,0
101,heuristic_shop,argo,spark,0,1,0,30,4,0,0,0,0,0,0,0,target_miss,0,0,0,0,0,0,0,0,0
102,heuristic_shop,argo,spark,0,1,1,203,8,5,1,0,0,0,0,0,target_miss,0,0,0,0,0,0,0,0,0
103,heuristic_shop,argo,spark,0,1,0,154,4,0,0,0,0,0,0,0,target_miss,0,0,0,0,0,0,0,0,0
104,heuristic_shop,argo,spark,0,1,0,105,4,0,0,0,0,0,0,0,target_miss,0,0,0,0,0,0,0,0,0
105,heuristic_shop,argo,spark,0,1,1,305,7,6,1,0,0,0,0,0,target_miss,0,0,0,0,0,0,0,0,0
106,heuristic_shop,argo,spark,0,1,1,375,8,5,1,0,0,0,0,0,target_miss,0,0,0,0,0,0,0,0,0
107,heuristic_shop,argo,spark,0,1,0,114,4,0,0,0,0,0,0,0,target_miss,0,0,0,0,0,0,0,0,0
108,heuristic_shop,argo,spark,0,1,0,136,4,0,0,0,0,0,0,0,target_miss,0,0,0,0,0,0,0,0,0
109,heuristic_shop,argo,spark,0,1,1,209,8,5,1,0,0,0,0,0,target_miss,0,0,0,0,0,0,0,0,0
110,heuristic_shop,argo,spark,0,1,0,67,4,0,0,0,0,0,0,0,target_miss,0,0,0,0,0,0,0,0,0
111,heuristic_shop,argo,spark,0,1,0,157,4,0,0,0,0,0,0,0,target_miss,0,0,0,0,0,0,0,0,0
112,heuristic_shop,argo,spark,0,1,0,182,4,0,0,0,0,0,0,0,target_miss,0,0,0,0,0,0,0,0,0
113,heuristic_shop,argo,spark,0,1,0,211,4,0,0,0,0,0,0,0,target_miss,0,0,0,0,0,0,0,0,0
114,heuristic_shop,argo,spark,0,1,1,276,8,5,1,0,0,0,0,0,target_miss,0,0,0,0,0,0,0,0,0
115,heuristic_shop,argo,spark,0,1,0,159,4,0,0,0,0,0,0,0,target_miss,0,0,0,0,0,0,0,0,0
116,heuristic_shop,argo,spark,0,1,0,84,4,0,0,0,0,0,0,0,target_miss,0,0,0,0,0,0,0,0,0
117,heuristic_shop,argo,spark,0,1,0,207,4,0,0,0,0,0,0,0,target_miss,0,0,0,0,0,0,0,0,0
118,heuristic_shop,argo,spark,0,1,1,407,7,6,1,0,0,0,0,0,target_miss,0,0,0,0,0,0,0,0,0
119,heuristic_shop,argo,spark,0,1,0,234,4,0,0,0,0,0,0,0,target_miss,0,0,0,0,0,0,0,0,0
120,heuristic_shop,argo,spark,0,1,0,198,4,0,0,0,0,0,0,0,target_miss,0,0,0,0,0,0,0,0,0
101,heuristic_shop,argo,ember,0,1,0,21,3,0,0,0,0,0,0,0,target_miss,0,0,0,0,0,0,0,0,0
102,heuristic_shop,argo,ember,0,1,0,127,3,0,0,0,0,0,0,0,target_miss,0,0,0,0,0,0,0,0,0
103,heuristic_shop,argo,ember,0,1,0,150,3,0,0,0,0,0,0,0,target_miss,0,0,0,0,0,0,0,0,0
104,heuristic_shop,argo,ember,0,1,0,57,3,0,0,0,0,0,0,0,target_miss,0,0,0,0,0,0,0,0,0
105,heuristic_shop,argo,ember,0,1,0,285,3,0,0,0,0,0,0,0,target_miss,0,0,0,0,0,0,0,0,0
106,heuristic_shop,argo,ember,0,1,0,219,3,0,0,0,0,0,0,0,target_miss,0,0,0,0,0,0,0,0,0
107,heuristic_shop,argo,ember,0,1,0,79,3,0,0,0,0,0,0,0,target_miss,0,0,0,0,0,0,0,0,0
108,heuristic_shop,argo,ember,0,1,0,72,3,0,0,0,0,0,0,0,target_miss,0,0,0,0,0,0,0,0,0
109,heuristic_shop,argo,ember,0,1,0,236,3,0,0,0,0,0,0,0,target_miss,0,0,0,0,0,0,0,0,0
110,heuristic_shop,argo,ember,0,1,0,32,3,0,0,0,0,0,0,0,target_miss,0,0,0,0,0,0,0,0,0
111,heuristic_shop,argo,ember,0,1,0,129,3,0,0,0,0,0,0,0,target_miss,0,0,0,0,0,0,0,0,0
112,heuristic_shop,argo,ember,0,1,0,130,3,0,0,0,0,0,0,0,target_miss,0,0,0,0,0,0,0,0,0
113,heuristic_shop,argo,ember,0,1,0,195,3,0,0,0,0,0,0,0,target_miss,0,0,0,0,0,0,0,0,0
114,heuristic_shop,argo,ember,0,1,0,197,3,0,0,0,0,0,0,0,target_miss,0,0,0,0,0,0,0,0,0
115,heuristic_shop,argo,ember,0,1,0,39,3,0,0,0,0,0,0,0,target_miss,0,0,0,0,0,0,0,0,0
116,heuristic_shop,argo,ember,0,1,0,61,3,0,0,0,0,0,0,0,target_miss,0,0,0,0,0,0,0,0,0
117,heuristic_shop,argo,ember,0,1,0,123,3,0,0,0,0,0,0,0,target_miss,0,0,0,0,0,0,0,0,0
118,heuristic_shop,argo,ember,0,1,0,285,3,0,0,0,0,0,0,0,target_miss,0,0,0,0,0,0,0,0,0
119,heuristic_shop,argo,ember,0,1,0,134,3,0,0,0,0,0,0,0,target_miss,0,0,0,0,0,0,0,0,0
120,heuristic_shop,argo,ember,0,1,0,67,3,0,0,0,0,0,0,0,target_miss,0,0,0,0,0,0,0,0,0
101,heuristic_shop,argo,pyre,0,1,0,111,3,0,0,0,0,0,0,0,target_miss,0,0,0,0,0,0,0,0,0
102,heuristic_shop,argo,pyre,0,1,0,112,3,0,0,0,0,0,0,0,target_miss,0,0,0,0,0,0,0,0,0
103,heuristic_shop,argo,pyre,0,1,0,98,3,0,0,0,0,0,0,0,target_miss,0,0,0,0,0,0,0,0,0
104,heuristic_shop,argo,pyre,0,1,0,83,3,0,0,0,0,0,0,0,target_miss,0,0,0,0,0,0,0,0,0
105,heuristic_shop,argo,pyre,0,1,0,160,3,0,0,0,0,0,0,0,target_miss,0,0,0,0,0,0,0,0,0
106,heuristic_shop,argo,pyre,0,1,0,261,3,0,0,0,0,0,0,0,target_miss,0,0,0,0,0,0,0,0,0
107,heuristic_shop,argo,pyre,0,1,0,83,3,0,0,0,0,0,0,0,target_miss,0,0,0,0,0,0,0,0,0
108,heuristic_shop,argo,pyre,0,1,0,89,3,0,0,0,0,0,0,0,target_miss,0,0,0,0,0,0,0,0,0
109,heuristic_shop,argo,pyre,0,1,0,110,3,0,0,0,0,0,0,0,target_miss,0,0,0,0,0,0,0,0,0
110,heuristic_shop,argo,pyre,0,1,0,44,3,0,0,0,0,0,0,0,target_miss,0,0,0,0,0,0,0,0,0
111,heuristic_shop,argo,pyre,0,1,0,169,3,0,0,0,0,0,0,0,target_miss,0,0,0,0,0,0,0,0,0
112,heuristic_shop,argo,pyre,0,1,0,79,3,0,0,0,0,0,0,0,target_miss,0,0,0,0,0,0,0,0,0
113,heuristic_shop,argo,pyre,0,1,0,158,3,0,0,0,0,0,0,0,target_miss,0,0,0,0,0,0,0,0,0
114,heuristic_shop,argo,pyre,0,1,0,123,3,0,0,0,0,0,0,0,target_miss,0,0,0,0,0,0,0,0,0
115,heuristic_shop,argo,pyre,0,1,0,81,3,0,0,0,0,0,0,0,target_miss,0,0,0,0,0,0,0,0,0
116,heuristic_shop,argo,pyre,0,1,0,143,3,0,0,0,0,0,0,0,target_miss,0,0,0,0,0,0,0,0,0
117,heuristic_shop,argo,pyre,0,1,0,137,3,0,0,0,0,0,0,0,target_miss,0,0,0,0,0,0,0,0,0
118,heuristic_shop,argo,pyre,0,1,0,199,3,0,0,0,0,0,0,0,target_miss,0,0,0,0,0,0,0,0,0
119,heuristic_shop,argo,pyre,0,1,0,106,3,0,0,0,0,0,0,0,target_miss,0,0,0,0,0,0,0,0,0
120,heuristic_shop,argo,pyre,0,1,0,153,3,0,0,0,0,0,0,0,target_miss,0,0,0,0,0,0,0,0,0
101,heuristic_shop,argo,beacon,0,1,0,111,3,0,0,0,0,0,0,0,target_miss,0,0,0,0,0,0,0,0,0
102,heuristic_shop,argo,beacon,0,1,0,112,3,0,0,0,0,0,0,0,target_miss,0,0,0,0,0,0,0,0,0
103,heuristic_shop,argo,beacon,0,1,0,98,3,0,0,0,0,0,0,0,target_miss,0,0,0,0,0,0,0,0,0
104,heuristic_shop,argo,beacon,0,1,0,83,3,0,0,0,0,0,0,0,target_miss,0,0,0,0,0,0,0,0,0
105,heuristic_shop,argo,beacon,0,1,0,160,3,0,0,0,0,0,0,0,target_miss,0,0,0,0,0,0,0,0,0
106,heuristic_shop,argo,beacon,0,1,0,261,3,0,0,0,0,0,0,0,target_miss,0,0,0,0,0,0,0,0,0
107,heuristic_shop,argo,beacon,0,1,0,83,3,0,0,0,0,0,0,0,target_miss,0,0,0,0,0,0,0,0,0
108,heuristic_shop,argo,beacon,0,1,0,89,3,0,0,0,0,0,0,0,target_miss,0,0,0,0,0,0,0,0,0
109,heuristic_shop,argo,beacon,0,1,0,110,3,0,0,0,0,0,0,0,target_miss,0,0,0,0,0,0,0,0,0
110,heuristic_shop,argo,beacon,0,1,0,44,3,0,0,0,0,0,0,0,target_miss,0,0,0,0,0,0,0,0,0
111,heuristic_shop,argo,beacon,0,1,0,169,3,0,0,0,0,0,0,0,target_miss,0,0,0,0,0,0,0,0,0
112,heuristic_shop,argo,beacon,0,1,0,79,3,0,0,0,0,0,0,0,target_miss,0,0,0,0,0,0,0,0,0
113,heuristic_shop,argo,beacon,0,1,0,158,3,0,0,0,0,0,0,0,target_miss,0,0,0,0,0,0,0,0,0
114,heuristic_shop,argo,beacon,0,1,0,123,3,0,0,0,0,0,0,0,target_miss,0,0,0,0,0,0,0,0,0
115,heuristic_shop,argo,beacon,0,1,0,81,3,0,0,0,0,0,0,0,target_miss,0,0,0,0,0,0,0,0,0
116,heuristic_shop,argo,beacon,0,1,0,143,3,0,0,0,0,0,0,0,target_miss,0,0,0,0,0,0,0,0,0
117,heuristic_shop,argo,beacon,0,1,0,137,3,0,0,0,0,0,0,0,target_miss,0,0,0,0,0,0,0,0,0
118,heuristic_shop,argo,beacon,0,1,0,199,3,0,0,0,0,0,0,0,target_miss,0,0,0,0,0,0,0,0,0
119,heuristic_shop,argo,beacon,0,1,0,106,3,0,0,0,0,0,0,0,target_miss,0,0,0,0,0,0,0,0,0
120,heuristic_shop,argo,beacon,0,1,0,153,3,0,0,0,0,0,0,0,target_miss,0,0,0,0,0,0,0,0,0
101,heuristic_shop,argo,nova,0,1,0,91,2,0,0,0,0,0,0,0,target_miss,0,0,0,0,0,0,0,0,0
102,heuristic_shop,argo,nova,0,1,0,67,2,0,0,0,0,0,0,0,target_miss,0,0,0,0,0,0,0,0,0
103,heuristic_shop,argo,nova,0,1,0,43,2,0,0,0,0,0,0,0,target_miss,0,0,0,0,0,0,0,0,0
104,heuristic_shop,argo,nova,0,1,0,53,2,0,0,0,0,0,0,0,target_miss,0,0,0,0,0,0,0,0,0
105,heuristic_shop,argo,nova,0,1,0,136,2,0,0,0,0,0,0,0,target_miss,0,0,0,0,0,0,0,0,0
106,heuristic_shop,argo,nova,0,1,0,151,2,0,0,0,0,0,0,0,target_miss,0,0,0,0,0,0,0,0,0
107,heuristic_shop,argo,nova,0,1,0,56,2,0,0,0,0,0,0,0,target_miss,0,0,0,0,0,0,0,0,0
108,heuristic_shop,argo,nova,0,1,0,97,2,0,0,0,0,0,0,0,target_miss,0,0,0,0,0,0,0,0,0
109,heuristic_shop,argo,nova,0,1,0,45,2,0,0,0,0,0,0,0,target_miss,0,0,0,0,0,0,0,0,0
110,heuristic_shop,argo,nova,0,1,0,34,2,0,0,0,0,0,0,0,target_miss,0,0,0,0,0,0,0,0,0
111,heuristic_shop,argo,nova,0,1,0,135,2,0,0,0,0,0,0,0,target_miss,0,0,0,0,0,0,0,0,0
112,heuristic_shop,argo,nova,0,1,0,64,2,0,0,0,0,0,0,0,target_miss,0,0,0,0,0,0,0,0,0
113,heuristic_shop,argo,nova,0,1,0,107,2,0,0,0,0,0,0,0,target_miss,0,0,0,0,0,0,0,0,0
114,heuristic_shop,argo,nova,0,1,0,106,2,0,0,0,0,0,0,0,target_miss,0,0,0,0,0,0,0,0,0
115,heuristic_shop,argo,nova,0,1,0,40,2,0,0,0,0,0,0,0,target_miss,0,0,0,0,0,0,0,0,0
116,heuristic_shop,argo,nova,0,1,0,78,2,0,0,0,0,0,0,0,target_miss,0,0,0,0,0,0,0,0,0
117,heuristic_shop,argo,nova,0,1,0,62,2,0,0,0,0,0,0,0,target_miss,0,0,0,0,0,0,0,0,0
118,heuristic_shop,argo,nova,0,1,0,124,2,0,0,0,0,0,0,0,target_miss,0,0,0,0,0,0,0,0,0
119,heuristic_shop,argo,nova,0,1,0,65,2,0,0,0,0,0,0,0,target_miss,0,0,0,0,0,0,0,0,0
120,heuristic_shop,argo,nova,0,1,0,45,2,0,0,0,0,0,0,0,target_miss,0,0,0,0,0,0,0,0,0
101,heuristic_shop,argo,supernova,0,1,0,91,2,0,0,0,0,0,0,0,target_miss,0,0,0,0,0,0,0,0,0
102,heuristic_shop,argo,supernova,0,1,0,67,2,0,0,0,0,0,0,0,target_miss,0,0,0,0,0,0,0,0,0
103,heuristic_shop,argo,supernova,0,1,0,43,2,0,0,0,0,0,0,0,target_miss,0,0,0,0,0,0,0,0,0
104,heuristic_shop,argo,supernova,0,1,0,53,2,0,0,0,0,0,0,0,target_miss,0,0,0,0,0,0,0,0,0
105,heuristic_shop,argo,supernova,0,1,0,136,2,0,0,0,0,0,0,0,target_miss,0,0,0,0,0,0,0,0,0
106,heuristic_shop,argo,supernova,0,1,0,151,2,0,0,0,0,0,0,0,target_miss,0,0,0,0,0,0,0,0,0
107,heuristic_shop,argo,supernova,0,1,0,56,2,0,0,0,0,0,0,0,target_miss,0,0,0,0,0,0,0,0,0
108,heuristic_shop,argo,supernova,0,1,0,97,2,0,0,0,0,0,0,0,target_miss,0,0,0,0,0,0,0,0,0
109,heuristic_shop,argo,supernova,0,1,0,45,2,0,0,0,0,0,0,0,target_miss,0,0,0,0,0,0,0,0,0
110,heuristic_shop,argo,supernova,0,1,0,34,2,0,0,0,0,0,0,0,target_miss,0,0,0,0,0,0,0,0,0
111,heuristic_shop,argo,supernova,0,1,0,135,2,0,0,0,0,0,0,0,target_miss,0,0,0,0,0,0,0,0,0
112,heuristic_shop,argo,supernova,0,1,0,64,2,0,0,0,0,0,0,0,target_miss,0,0,0,0,0,0,0,0,0
113,heuristic_shop,argo,supernova,0,1,0,107,2,0,0,0,0,0,0,0,target_miss,0,0,0,0,0,0,0,0,0
114,heuristic_shop,argo,supernova,0,1,0,106,2,0,0,0,0,0,0,0,target_miss,0,0,0,0,0,0,0,0,0
115,heuristic_shop,argo,supernova,0,1,0,40,2,0,0,0,0,0,0,0,target_miss,0,0,0,0,0,0,0,0,0
116,heuristic_shop,argo,supernova,0,1,0,78,2,0,0,0,0,0,0,0,target_miss,0,0,0,0,0,0,0,0,0
117,heuristic_shop,argo,supernova,0,1,0,62,2,0,0,0,0,0,0,0,target_miss,0,0,0,0,0,0,0,0,0
118,heuristic_shop,argo,supernova,0,1,0,124,2,0,0,0,0,0,0,0,target_miss,0,0,0,0,0,0,0,0,0
119,heuristic_shop,argo,supernova,0,1,0,65,2,0,0,0,0,0,0,0,target_miss,0,0,0,0,0,0,0,0,0
120,heuristic_shop,argo,supernova,0,1,0,45,2,0,0,0,0,0,0,0,target_miss,0,0,0,0,0,0,0,0,0
101,heuristic_shop,fibonacci,spark,0,1,1,711,7,6,1,0,0,0,0,0,target_miss,0,2,0,5,0,0,0,0,0
102,heuristic_shop,fibonacci,spark,0,3,8,4362,22,68,11,2,0,0,0,0,target_miss,0,3,0,12,0,0,0,7,0
103,heuristic_shop,fibonacci,spark,0,1,2,0,3,15,2,0,0,1,0,0,iter_cap,0,0,0,2,0,0,0,1,0
104,heuristic_shop,fibonacci,spark,0,1,1,681,5,9,0,1,0,0,0,0,target_miss,0,1,0,3,0,0,0,1,0
105,heuristic_shop,fibonacci,spark,0,1,2,0,3,15,3,0,0,0,0,0,iter_cap,0,0,0,2,0,0,0,1,0
106,heuristic_shop,fibonacci,spark,0,2,5,2291,13,44,1,4,0,1,0,0,target_miss,0,2,0,3,0,0,0,8,0
107,heuristic_shop,fibonacci,spark,0,2,5,0,12,38,7,0,0,0,0,0,iter_cap,0,1,0,7,0,0,0,4,0
108,heuristic_shop,fibonacci,spark,0,1,2,0,3,15,1,1,0,0,1,0,iter_cap,0,0,0,2,0,0,0,1,0
109,heuristic_shop,fibonacci,spark,0,2,5,3002,14,39,5,1,0,1,0,0,target_miss,0,2,0,5,0,0,0,7,0
110,heuristic_shop,fibonacci,spark,0,1,2,1138,8,14,2,0,0,1,0,0,target_miss,0,2,0,3,0,0,0,3,0
111,heuristic_shop,fibonacci,spark,0,1,2,1476,8,18,0,2,0,0,0,0,target_miss,0,2,0,3,0,0,0,3,0
112,heuristic_shop,fibonacci,spark,0,1,2,929,6,16,1,1,0,0,0,0,target_miss,0,1,0,4,0,0,0,1,0
113,heuristic_shop,fibonacci,spark,0,4,11,0,26,96,11,2,0,4,2,0,iter_cap,0,2,0,16,0,0,0,6,2
114,heuristic_shop,fibonacci,spark,0,2,4,945,14,29,3,1,0,1,0,0,target_miss,0,1,0,11,0,0,0,2,0
115,heuristic_shop,fibonacci,spark,0,1,2,1237,10,16,0,2,0,0,0,0,target_miss,0,2,0,6,0,0,0,2,0
116,heuristic_shop,fibonacci,spark,0,1,2,0,5,13,2,0,0,0,0,0,iter_cap,0,1,0,4,0,0,0,0,0
117,heuristic_shop,fibonacci,spark,0,3,8,6736,19,68,10,2,0,1,0,0,target_miss,0,4,0,8,0,0,0,7,0
118,heuristic_shop,fibonacci,spark,0,1,2,989,9,18,0,2,0,1,0,0,target_miss,0,4,0,2,0,0,0,3,0
119,heuristic_shop,fibonacci,spark,0,2,4,1540,13,30,5,0,0,0,0,0,target_miss,0,3,0,6,0,0,0,4,0
120,heuristic_shop,fibonacci,spark,0,1,2,0,3,15,1,1,0,0,0,0,iter_cap,0,0,0,3,0,0,0,0,0
101,heuristic_shop,fibonacci,ember,0,1,1,679,6,5,1,0,0,0,0,0,target_miss,0,1,0,5,0,0,0,0,0
102,heuristic_shop,fibonacci,ember,0,1,1,694,5,8,1,0,0,0,0,0,target_miss,0,0,0,4,0,0,0,1,0
103,heuristic_shop,fibonacci,ember,0,1,2,0,3,13,2,0,0,0,0,0,iter_cap,0,0,0,2,0,0,0,1,0
104,heuristic_shop,fibonacci,ember,0,1,1,572,4,7,1,0,0,0,0,0,target_miss,0,1,0,2,0,0,0,1,0
105,heuristic_shop,fibonacci,ember,0,1,2,768,5,12,2,0,0,0,0,0,iter_cap,0,0,0,2,0,0,0,3,0
106,heuristic_shop,fibonacci,ember,0,1,2,1003,6,14,1,1,0,0,0,0,target_miss,0,1,0,2,0,0,0,3,0
107,heuristic_shop,fibonacci,ember,0,1,2,1046,7,13,2,0,0,0,0,0,target_miss,1,0,0,4,0,0,0,2,0
108,heuristic_shop,fibonacci,ember,0,1,2,0,3,13,1,1,0,0,0,0,iter_cap,0,0,0,2,0,0,0,1,0
109,heuristic_shop,fibonacci,ember,0,1,1,507,4,7,1,0,0,0,0,0,target_miss,0,1,0,2,0,0,0,1,0
110,heuristic_shop,fibonacci,ember,0,1,1,761,4,7,1,0,0,0,0,0,target_miss,0,1,0,2,0,0,0,1,0
111,heuristic_shop,fibonacci,ember,0,1,2,752,6,14,2,0,0,1,0,0,target_miss,0,2,0,2,0,0,0,2,0
112,heuristic_shop,fibonacci,ember,0,1,1,389,5,8,0,1,0,0,0,0,target_miss,0,2,0,2,0,0,0,1,0
113,heuristic_shop,fibonacci,ember,0,1,2,1575,6,13,1,1,0,0,0,0,target_miss,0,0,0,4,0,0,0,1,1
114,heuristic_shop,fibonacci,ember,0,1,2,457,7,12,2,0,0,0,0,0,target_miss,0,1,0,5,0,0,0,1,0
115,heuristic_shop,fibonacci,ember,0,1,1,636,5,7,0,1,0,0,0,0,target_miss,0,1,0,3,0,0,0,1,0
116,heuristic_shop,fibonacci,ember,0,1,1,519,5,6,1,0,0,0,0,0,target_miss,1,1,0,3,0,0,0,0,0
117,heuristic_shop,fibonacci,ember,0,1,0,236,3,0,0,0,0,0,0,0,target_miss,0,2,0,1,0,0,0,0,0
118,heuristic_shop,fibonacci,ember,0,1,2,433,8,11,2,0,0,0,0,0,target_miss,0,5,0,2,0,0,0,1,0
119,heuristic_shop,fibonacci,ember,0,1,0,257,3,0,0,0,0,0,0,0,target_miss,0,2,0,1,0,0,0,0,0
120,heuristic_shop,fibonacci,ember,0,1,2,0,3,13,1,1,0,0,0,0,iter_cap,0,0,0,3,0,0,0,0,0
101,heuristic_shop,fibonacci,pyre,0,1,0,272,3,0,0,0,0,0,0,0,target_miss,0,2,0,1,0,0,0,0,0
102,heuristic_shop,fibonacci,pyre,0,1,1,498,5,8,1,0,0,0,0,0,target_miss,0,1,0,3,0,0,0,1,0
103,heuristic_shop,fibonacci,pyre,0,1,1,581,5,7,1,0,0,0,0,0,target_miss,0,2,0,2,0,0,0,1,0
104,heuristic_shop,fibonacci,pyre,0,1,0,257,3,0,0,0,0,0,0,0,target_miss,0,2,0,1,0,0,0,0,0
105,heuristic_shop,fibonacci,pyre,0,1,2,768,6,11,2,0,0,0,0,0,iter_cap,0,1,0,2,0,0,0,3,0
106,heuristic_shop,fibonacci,pyre,0,1,1,470,4,8,0,1,0,0,0,0,target_miss,0,1,0,2,0,0,0,1,0
107,heuristic_shop,fibonacci,pyre,0,1,1,619,5,6,1,0,0,0,0,0,target_miss,0,0,0,5,0,0,0,0,0
108,heuristic_shop,fibonacci,pyre,0,1,1,728,5,6,0,1,0,0,0,0,target_miss,0,1,0,4,0,0,0,0,0
109,heuristic_shop,fibonacci,pyre,0,1,1,296,4,7,1,0,0,0,0,0,target_miss,0,2,0,1,0,0,0,1,0
110,heuristic_shop,fibonacci,pyre,0,1,1,488,4,7,1,0,0,0,0,0,target_miss,0,2,0,1,0,0,0,1,0
111,heuristic_shop,fibonacci,pyre,0,1,0,133,3,0,0,0,0,0,0,0,target_miss,0,3,0,0,0,0,0,0,0
112,heuristic_shop,fibonacci,pyre,0,1,1,322,5,11,0,1,0,0,0,0,target_miss,0,3,0,1,0,0,0,0,1
113,heuristic_shop,fibonacci,pyre,0,1,2,1575,7,13,1,1,0,0,0,0,target_miss,0,0,0,4,0,0,0,2,1
114,heuristic_shop,fibonacci,pyre,0,1,1,130,5,6,1,0,0,0,0,0,target_miss,0,3,0,2,0,0,0,0,0
115,heuristic_shop,fibonacci,pyre,0,1,1,500,5,7,0,1,0,0,0,0,target_miss,0,1,0,3,0,0,0,1,0
116,heuristic_shop,fibonacci,pyre,0,1,2,1463,7,12,2,0,0,0,0,0,target_miss,0,1,0,4,0,0,0,2,0
117,heuristic_shop,fibonacci,pyre,0,1,0,236,3,0,0,0,0,0,0,0,target_miss,0,2,0,1,0,0,0,0,0
118,heuristic_shop,fibonacci,pyre,0,1,1,217,6,5,1,0,0,0,0,0,target_miss,0,5,0,1,0,0,0,0,0
119,heuristic_shop,fibonacci,pyre,0,1,1,561,5,8,1,0,0,0,0,0,target_miss,0,1,0,3,0,0,0,1,0
120,heuristic_shop,fibonacci,pyre,0,1,2,0,4,13,1,1,0,0,0,0,iter_cap,0,1,0,2,0,0,0,1,0
101,heuristic_shop,fibonacci,beacon,0,1,0,272,3,0,0,0,0,0,0,0,target_miss,0,2,0,1,0,0,0,0,0
102,heuristic_shop,fibonacci,beacon,0,1,1,498,5,7,1,0,0,0,0,0,target_miss,0,1,0,3,0,0,0,1,0
103,heuristic_shop,fibonacci,beacon,0,1,1,478,5,7,1,0,0,0,0,0,target_miss,0,2,0,2,0,0,0,1,0
104,heuristic_shop,fibonacci,beacon,0,1,0,257,3,0,0,0,0,0,0,0,target_miss,0,2,0,1,0,0,0,0,0
105,heuristic_shop,fibonacci,beacon,0,1,2,768,6,11,1,0,0,1,0,0,iter_cap,0,1,0,2,0,0,0,3,0
106,heuristic_shop,fibonacci,beacon,0,1,1,470,4,8,1,0,0,0,0,0,target_miss,0,1,0,2,0,0,0,1,0
107,heuristic_shop,fibonacci,beacon,0,1,1,619,5,6,1,0,0,0,0,0,target_miss,0,0,0,5,0,0,0,0,0
108,heuristic_shop,fibonacci,beacon,0,1,1,728,5,6,1,0,0,0,0,0,target_miss,0,1,0,4,0,0,0,0,0
109,heuristic_shop,fibonacci,beacon,0,1,1,296,4,7,1,0,0,0,0,0,target_miss,0,2,0,1,0,0,0,1,0
110,heuristic_shop,fibonacci,beacon,0,1,1,488,4,7,1,0,0,0,0,0,target_miss,0,2,0,1,0,0,0,1,0
111,heuristic_shop,fibonacci,beacon,0,1,0,133,3,0,0,0,0,0,0,0,target_miss,0,3,0,0,0,0,0,0,0
112,heuristic_shop,fibonacci,beacon,0,1,1,322,5,11,0,1,0,0,0,0,target_miss,0,3,0,1,0,0,0,0,1
113,heuristic_shop,fibonacci,beacon,0,1,2,1575,7,13,2,0,0,0,0,0,target_miss,0,0,0,4,0,0,0,2,1
114,heuristic_shop,fibonacci,beacon,0,1,1,130,5,6,1,0,0,0,0,0,target_miss,0,3,0,2,0,0,0,0,0
115,heuristic_shop,fibonacci,beacon,0,1,2,700,6,14,2,0,0,0,0,0,target_miss,0,2,0,3,0,0,0,1,0
116,heuristic_shop,fibonacci,beacon,0,1,2,1463,7,12,2,0,0,0,0,0,target_miss,0,1,0,4,0,0,0,2,0
117,heuristic_shop,fibonacci,beacon,0,1,0,236,3,0,0,0,0,0,0,0,target_miss,0,2,0,1,0,0,0,0,0
118,heuristic_shop,fibonacci,beacon,0,1,1,217,6,5,0,0,0,1,0,0,target_miss,0,5,0,1,0,0,0,0,0
119,heuristic_shop,fibonacci,beacon,0,1,1,477,5,8,1,0,0,0,0,0,target_miss,0,1,0,3,0,0,0,1,0
120,heuristic_shop,fibonacci,beacon,0,1,2,0,4,13,2,0,0,0,0,0,iter_cap,0,1,0,2,0,0,0,1,0
101,heuristic_shop,fibonacci,nova,0,1,0,272,2,0,0,0,0,0,0,0,target_miss,0,1,0,1,0,0,0,0,0
102,heuristic_shop,fibonacci,nova,0,1,1,205,4,6,1,0,0,0,0,0,target_miss,0,1,0,2,0,0,0,1,0
103,heuristic_shop,fibonacci,nova,0,1,0,234,2,0,0,0,0,0,0,0,target_miss,0,1,0,1,0,0,0,0,0
104,heuristic_shop,fibonacci,nova,0,1,0,205,2,0,0,0,0,0,0,0,target_miss,0,1,0,1,0,0,0,0,0
105,heuristic_shop,fibonacci,nova,0,1,0,69,2,0,0,0,0,0,0,0,target_miss,0,2,0,0,0,0,0,0,0
106,heuristic_shop,fibonacci,nova,0,1,1,205,3,7,1,0,0,0,0,0,target_miss,0,1,0,1,0,0,0,1,0
107,heuristic_shop,fibonacci,nova,0,1,1,371,4,5,0,0,0,1,0,0,target_miss,0,0,0,4,0,0,0,0,0
108,heuristic_shop,fibonacci,nova,0,1,0,204,2,0,0,0,0,0,0,0,target_miss,0,1,0,1,0,0,0,0,0
109,heuristic_shop,fibonacci,nova,0,1,1,230,3,6,1,0,0,0,0,0,target_miss,0,1,0,1,0,0,0,1,0
110,heuristic_shop,fibonacci,nova,0,1,1,97,3,6,1,0,0,0,0,0,target_miss,0,2,0,0,0,0,0,1,0
111,heuristic_shop,fibonacci,nova,0,1,0,97,2,0,0,0,0,0,0,0,target_miss,0,2,0,0,0,0,0,0,0
112,heuristic_shop,fibonacci,nova,0,1,0,92,2,0,0,0,0,0,0,0,target_miss,0,2,0,0,0,0,0,0,0
113,heuristic_shop,fibonacci,nova,0,1,2,82,5,11,1,0,0,1,0,0,target_miss,0,2,0,2,0,0,0,0,1
114,heuristic_shop,fibonacci,nova,0,1,1,305,4,5,0,0,0,1,0,0,target_miss,0,1,0,3,0,0,0,0,0
115,heuristic_shop,fibonacci,nova,0,1,1,1064,4,6,1,0,0,0,0,0,target_miss,0,1,0,2,0,0,0,1,0
116,heuristic_shop,fibonacci,nova,0,1,1,561,4,5,0,0,0,1,0,0,target_miss,0,1,0,3,0,0,0,0,0
117,heuristic_shop,fibonacci,nova,0,1,0,208,2,0,0,0,0,0,0,0,target_miss,0,1,0,1,0,0,0,0,0
118,heuristic_shop,fibonacci,nova,0,1,0,205,2,0,0,0,0,0,0,0,target_miss,0,2,0,0,0,0,0,0,0
119,heuristic_shop,fibonacci,nova,0,1,0,205,2,0,0,0,0,0,0,0,target_miss,0,1,0,1,0,0,0,0,0
120,heuristic_shop,fibonacci,nova,0,1,0,189,2,0,0,0,0,0,0,0,target_miss,0,1,0,1,0,0,0,0,0
101,heuristic_shop,fibonacci,supernova,0,1,0,272,2,0,0,0,0,0,0,0,target_miss,0,1,0,1,0,0,0,0,0
102,heuristic_shop,fibonacci,supernova,0,1,1,205,4,6,0,0,0,1,0,0,target_miss,0,1,0,2,0,0,0,1,0
103,heuristic_shop,fibonacci,supernova,0,1,0,234,2,0,0,0,0,0,0,0,target_miss,0,1,0,1,0,0,0,0,0
104,heuristic_shop,fibonacci,supernova,0,1,0,205,2,0,0,0,0,0,0,0,target_miss,0,1,0,1,0,0,0,0,0
105,heuristic_shop,fibonacci,supernova,0,1,0,69,2,0,0,0,0,0,0,0,target_miss,0,2,0,0,0,0,0,0,0
106,heuristic_shop,fibonacci,supernova,0,1,1,205,3,6,0,0,0,1,0,0,target_miss,0,1,0,1,0,0,0,1,0
107,heuristic_shop,fibonacci,supernova,0,1,1,371,4,5,0,0,0,0,0,0,target_miss,0,0,0,4,0,0,0,0,0
108,heuristic_shop,fibonacci,supernova,0,1,0,204,2,0,0,0,0,0,0,0,target_miss,0,1,0,1,0,0,0,0,0
109,heuristic_shop,fibonacci,supernova,0,1,1,212,3,6,0,0,0,1,0,0,target_miss,0,1,0,1,0,0,0,1,0
110,heuristic_shop,fibonacci,supernova,0,1,1,97,3,6,0,0,0,1,0,0,target_miss,0,2,0,0,0,0,0,1,0
111,heuristic_shop,fibonacci,supernova,0,1,0,97,2,0,0,0,0,0,0,0,target_miss,0,2,0,0,0,0,0,0,0
112,heuristic_shop,fibonacci,supernova,0,1,0,92,2,0,0,0,0,0,0,0,target_miss,0,2,0,0,0,0,0,0,0
113,heuristic_shop,fibonacci,supernova,0,1,0,386,2,0,0,0,0,0,0,0,target_miss,0,0,0,2,0,0,0,0,0
114,heuristic_shop,fibonacci,supernova,0,1,1,305,4,5,0,0,0,0,0,0,target_miss,0,1,0,3,0,0,0,0,0
115,heuristic_shop,fibonacci,supernova,0,1,1,294,4,5,0,0,0,0,0,0,target_miss,0,1,0,2,0,0,0,1,0
116,heuristic_shop,fibonacci,supernova,0,1,1,561,4,5,0,0,0,0,0,0,target_miss,0,1,0,3,0,0,0,0,0
117,heuristic_shop,fibonacci,supernova,0,1,0,208,2,0,0,0,0,0,0,0,target_miss,0,1,0,1,0,0,0,0,0
118,heuristic_shop,fibonacci,supernova,0,1,0,205,2,0,0,0,0,0,0,0,target_miss,0,2,0,0,0,0,0,0,0
119,heuristic_shop,fibonacci,supernova,0,1,0,205,2,0,0,0,0,0,0,0,target_miss,0,1,0,1,0,0,0,0,0
120,heuristic_shop,fibonacci,supernova,0,1,0,189,2,0,0,0,0,0,0,0,target_miss,0,1,0,1,0,0,0,0,0
101,heuristic_shop,eclipse,spark,0,1,0,45,4,0,0,0,0,0,0,0,target_miss,0,0,0,4,0,0,0,0,0
102,heuristic_shop,eclipse,spark,0,2,5,1966,16,36,6,0,0,1,0,0,target_miss,0,0,0,8,0,0,0,7,1
103,heuristic_shop,eclipse,spark,1,5,12,35339,23,103,16,1,0,0,1,0,won,0,0,0,15,0,0,0,5,3
104,heuristic_shop,eclipse,spark,0,1,1,505,7,6,1,0,0,0,0,0,target_miss,0,0,0,5,0,0,0,2,0
105,heuristic_shop,eclipse,spark,0,2,3,342,16,18,2,1,0,0,0,0,target_miss,0,0,0,12,0,0,0,2,2
106,heuristic_shop,eclipse,spark,0,1,1,429,6,7,1,0,0,0,0,0,target_miss,0,0,0,6,0,0,0,0,0
107,heuristic_shop,eclipse,spark,0,1,0,214,4,0,0,0,0,0,0,0,target_miss,0,0,0,4,0,0,0,0,0
108,heuristic_shop,eclipse,spark,0,3,7,2816,16,63,11,1,0,0,0,0,target_miss,0,0,0,9,0,0,0,6,1
109,heuristic_shop,eclipse,spark,0,1,1,219,7,6,1,0,0,0,0,0,target_miss,0,0,0,5,0,0,0,2,0
110,heuristic_shop,eclipse,spark,0,1,1,420,8,5,1,0,0,0,0,0,target_miss,0,0,0,6,0,0,0,2,0
111,heuristic_shop,eclipse,spark,0,1,1,484,7,6,1,0,0,0,0,0,target_miss,0,0,0,4,0,0,0,3,0
112,heuristic_shop,eclipse,spark,0,1,1,579,7,6,0,1,0,0,0,0,target_miss,0,0,0,4,0,0,0,3,0
113,heuristic_shop,eclipse,spark,0,1,2,383,7,15,3,0,0,0,0,0,target_miss,0,0,0,4,0,0,0,3,0
114,heuristic_shop,eclipse,spark,0,1,1,480,6,7,1,0,0,0,0,0,target_miss,0,0,0,3,0,0,0,2,1
115,heuristic_shop,eclipse,spark,0,1,2,353,9,13,1,1,0,0,0,0,target_miss,0,0,0,4,0,0,0,3,2
116,heuristic_shop,eclipse,spark,0,2,5,481,20,32,5,0,0,1,0,0,target_miss,0,0,0,9,0,0,0,8,3
117,heuristic_shop,eclipse,spark,0,1,1,334,6,7,0,1,0,0,0,0,target_miss,0,0,0,3,0,0,0,3,0
118,heuristic_shop,eclipse,spark,0,1,2,465,7,16,0,2,0,0,0,0,target_miss,0,0,0,3,0,0,0,3,1
119,heuristic_shop,eclipse,spark,0,1,1,359,6,7,1,0,0,0,0,0,target_miss,0,0,0,3,0,0,0,3,0
120,heuristic_shop,eclipse,spark,1,5,12,27312,20,136,16,4,0,1,2,0,won,0,0,0,12,0,0,0,6,2
101,heuristic_shop,eclipse,ember,0,1,0,45,3,0,0,0,0,0,0,0,target_miss,0,0,0,3,0,0,0,0,0
102,heuristic_shop,eclipse,ember,0,1,1,451,6,5,1,0,0,0,0,0,target_miss,0,0,0,4,0,0,0,2,0
103,heuristic_shop,eclipse,ember,0,4,11,14327,24,77,13,0,0,3,0,0,target_miss,0,0,0,14,0,0,0,7,3
104,heuristic_shop,eclipse,ember,0,1,0,263,3,0,0,0,0,0,0,0,target_miss,0,0,0,2,0,0,0,1,0
105,heuristic_shop,eclipse,ember,0,1,0,167,3,0,0,0,0,0,0,0,target_miss,0,0,0,3,0,0,0,0,0
106,heuristic_shop,eclipse,ember,0,1,1,360,6,5,1,0,0,0,0,0,target_miss,0,0,0,5,0,0,0,1,0
107,heuristic_shop,eclipse,ember,0,1,0,148,3,0,0,0,0,0,0,0,target_miss,0,0,0,3,0,0,0,0,0
108,heuristic_shop,eclipse,ember,0,3,7,1125,15,54,8,1,0,2,0,0,target_miss,0,0,0,8,0,0,0,6,1
109,heuristic_shop,eclipse,ember,0,1,1,153,6,5,1,0,0,0,0,0,target_miss,0,0,0,4,0,0,0,2,0
110,heuristic_shop,eclipse,ember,0,1,0,115,3,0,0,0,0,0,0,0,target_miss,0,0,0,3,0,0,0,0,0
111,heuristic_shop,eclipse,ember,0,1,0,294,3,0,0,0,0,0,0,0,target_miss,0,0,0,2,0,0,0,1,0
112,heuristic_shop,eclipse,ember,0,1,1,298,6,5,1,0,0,0,0,0,target_miss,0,0,0,4,0,0,0,2,0
113,heuristic_shop,eclipse,ember,0,1,2,287,7,12,2,0,0,0,0,0,target_miss,0,0,0,4,0,0,0,3,0
114,heuristic_shop,eclipse,ember,0,1,1,435,5,6,1,0,0,0,0,0,target_miss,0,0,0,2,0,0,0,2,1
115,heuristic_shop,eclipse,ember,0,1,2,973,5,14,2,0,0,1,0,0,target_miss,0,0,0,2,0,0,0,1,2
116,heuristic_shop,eclipse,ember,0,1,1,881,6,5,1,0,0,0,0,0,target_miss,0,0,0,2,0,0,0,4,0
117,heuristic_shop,eclipse,ember,0,1,1,287,5,6,0,1,0,0,0,0,target_miss,0,0,0,2,0,0,0,3,0
118,heuristic_shop,eclipse,ember,0,1,2,362,7,13,1,1,0,0,0,0,target_miss,0,0,0,3,0,0,0,3,1
119,heuristic_shop,eclipse,ember,0,1,1,321,5,6,1,0,0,0,0,0,target_miss,0,0,0,2,0,0,0,3,0
120,heuristic_shop,eclipse,ember,0,1,1,450,6,5,1,0,0,0,0,0,target_miss,0,0,0,5,0,0,0,1,0
101,heuristic_shop,eclipse,pyre,0,1,0,45,3,0,0,0,0,0,0,0,target_miss,0,0,0,3,0,0,0,0,0
102,heuristic_shop,eclipse,pyre,0,1,1,451,6,5,1,0,0,0,0,0,target_miss,0,0,0,4,0,0,0,2,0
103,heuristic_shop,eclipse,pyre,0,4,11,14327,24,77,13,0,0,3,0,0,target_miss,0,0,0,14,0,0,0,7,3
104,heuristic_shop,eclipse,pyre,0,1,0,263,3,0,0,0,0,0,0,0,target_miss,0,0,0,2,0,0,0,1,0
105,heuristic_shop,eclipse,pyre,0,1,0,167,3,0,0,0,0,0,0,0,target_miss,0,0,0,3,0,0,0,0,0
106,heuristic_shop,eclipse,pyre,0,1,1,360,6,5,1,0,0,0,0,0,target_miss,0,0,0,5,0,0,0,1,0
107,heuristic_shop,eclipse,pyre,0,1,0,148,3,0,0,0,0,0,0,0,target_miss,0,0,0,3,0,0,0,0,0
108,heuristic_shop,eclipse,pyre,0,3,7,1125,15,54,8,1,0,2,0,0,target_miss,0,0,0,8,0,0,0,6,1
109,heuristic_shop,eclipse,pyre,0,1,1,153,6,5,1,0,0,0,0,0,target_miss,0,0,0,4,0,0,0,2,0
110,heuristic_shop,eclipse,pyre,0,1,0,115,3,0,0,0,0,0,0,0,target_miss,0,0,0,3,0,0,0,0,0
111,heuristic_shop,eclipse,pyre,0,1,0,294,3,0,0,0,0,0,0,0,target_miss,0,0,0,2,0,0,0,1,0
112,heuristic_shop,eclipse,pyre,0,1,1,298,6,5,1,0,0,0,0,0,target_miss,0,0,0,4,0,0,0,2,0
113,heuristic_shop,eclipse,pyre,0,1,2,287,7,12,2,0,0,0,0,0,target_miss,0,0,0,4,0,0,0,3,0
114,heuristic_shop,eclipse,pyre,0,1,1,435,5,6,1,0,0,0,0,0,target_miss,0,0,0,2,0,0,0,2,1
115,heuristic_shop,eclipse,pyre,0,1,2,973,5,14,2,0,0,1,0,0,target_miss,0,0,0,2,0,0,0,1,2
116,heuristic_shop,eclipse,pyre,0,1,1,881,6,5,1,0,0,0,0,0,target_miss,0,0,0,2,0,0,0,4,0
117,heuristic_shop,eclipse,pyre,0,1,1,287,5,6,0,1,0,0,0,0,target_miss,0,0,0,2,0,0,0,3,0
118,heuristic_shop,eclipse,pyre,0,1,2,362,7,13,1,1,0,0,0,0,target_miss,0,0,0,3,0,0,0,3,1
119,heuristic_shop,eclipse,pyre,0,1,1,321,5,6,1,0,0,0,0,0,target_miss,0,0,0,2,0,0,0,3,0
120,heuristic_shop,eclipse,pyre,0,1,1,450,6,5,1,0,0,0,0,0,target_miss,0,0,0,5,0,0,0,1,0
101,heuristic_shop,eclipse,beacon,0,1,0,45,3,0,0,0,0,0,0,0,target_miss,0,0,0,3,0,0,0,0,0
102,heuristic_shop,eclipse,beacon,0,1,1,150,6,5,0,0,0,1,0,0,target_miss,0,0,0,4,0,0,0,2,0
103,heuristic_shop,eclipse,beacon,0,4,11,15364,24,80,13,0,0,0,0,0,target_miss,0,0,0,13,0,0,0,8,3
104,heuristic_shop,eclipse,beacon,0,1,0,263,3,0,0,0,0,0,0,0,target_miss,0,0,0,2,0,0,0,1,0
105,heuristic_shop,eclipse,beacon,0,1,0,167,3,0,0,0,0,0,0,0,target_miss,0,0,0,3,0,0,0,0,0
106,heuristic_shop,eclipse,beacon,0,1,1,150,6,5,0,0,0,1,0,0,target_miss,0,0,0,5,0,0,0,1,0
107,heuristic_shop,eclipse,beacon,0,1,0,148,3,0,0,0,0,0,0,0,target_miss,0,0,0,3,0,0,0,0,0
108,heuristic_shop,eclipse,beacon,0,1,0,301,3,0,0,0,0,0,0,0,target_miss,0,0,0,2,0,0,0,1,0
109,heuristic_shop,eclipse,beacon,0,1,1,153,6,5,0,0,0,1,0,0,target_miss,0,0,0,4,0,0,0,2,0
110,heuristic_shop,eclipse,beacon,0,1,0,115,3,0,0,0,0,0,0,0,target_miss,0,0,0,3,0,0,0,0,0
111,heuristic_shop,eclipse,beacon,0,1,0,294,3,0,0,0,0,0,0,0,target_miss,0,0,0,2,0,0,0,1,0
112,heuristic_shop,eclipse,beacon,0,1,1,298,6,5,0,0,0,1,0,0,target_miss,0,0,0,4,0,0,0,2,0
113,heuristic_shop,eclipse,beacon,0,1,0,308,3,0,0,0,0,0,0,0,target_miss,0,0,0,2,0,0,0,1,0
114,heuristic_shop,eclipse,beacon,0,1,1,435,5,6,1,0,0,0,0,0,target_miss,0,0,0,2,0,0,0,2,1
115,heuristic_shop,eclipse,beacon,0,1,2,802,6,13,2,0,0,0,0,0,target_miss,0,0,0,2,0,0,0,2,2
116,heuristic_shop,eclipse,beacon,0,1,1,881,6,5,0,0,0,1,0,0,target_miss,0,0,0,2,0,0,0,4,0
117,heuristic_shop,eclipse,beacon,0,1,1,695,5,6,1,0,0,0,0,0,target_miss,0,0,0,2,0,0,0,3,0
118,heuristic_shop,eclipse,beacon,0,1,2,150,6,13,2,0,0,0,0,0,target_miss,0,0,0,3,0,0,0,2,1
119,heuristic_shop,eclipse,beacon,0,1,1,321,5,6,1,0,0,0,0,0,target_miss,0,0,0,2,0,0,0,3,0
120,heuristic_shop,eclipse,beacon,0,1,0,301,3,0,0,0,0,0,0,0,target_miss,0,0,0,2,0,0,0,1,0
101,heuristic_shop,eclipse,nova,0,1,0,45,2,0,0,0,0,0,0,0,target_miss,0,0,0,2,0,0,0,0,0
102,heuristic_shop,eclipse,nova,0,1,0,293,2,0,0,0,0,0,0,0,target_miss,0,0,0,1,0,0,0,1,0
103,heuristic_shop,eclipse,nova,0,1,1,435,4,5,0,0,0,1,0,0,target_miss,0,0,0,1,0,0,0,2,1
104,heuristic_shop,eclipse,nova,0,1,0,225,2,0,0,0,0,0,0,0,target_miss,0,0,0,1,0,0,0,1,0
105,heuristic_shop,eclipse,nova,0,1,0,111,2,0,0,0,0,0,0,0,target_miss,0,0,0,2,0,0,0,0,0
106,heuristic_shop,eclipse,nova,0,1,0,254,2,0,0,0,0,0,0,0,target_miss,0,0,0,2,0,0,0,0,0
107,heuristic_shop,eclipse,nova,0,1,0,92,2,0,0,0,0,0,0,0,target_miss,0,0,0,2,0,0,0,0,0
108,heuristic_shop,eclipse,nova,0,1,0,263,2,0,0,0,0,0,0,0,target_miss,0,0,0,1,0,0,0,1,0
109,heuristic_shop,eclipse,nova,0,1,0,242,2,0,0,0,0,0,0,0,target_miss,0,0,0,1,0,0,0,1,0
110,heuristic_shop,eclipse,nova,0,1,0,47,2,0,0,0,0,0,0,0,target_miss,0,0,0,2,0,0,0,0,0
111,heuristic_shop,eclipse,nova,0,1,0,249,2,0,0,0,0,0,0,0,target_miss,0,0,0,1,0,0,0,1,0
112,heuristic_shop,eclipse,nova,0,1,0,94,2,0,0,0,0,0,0,0,target_miss,0,0,0,2,0,0,0,0,0
113,heuristic_shop,eclipse,nova,0,1,0,263,2,0,0,0,0,0,0,0,target_miss,0,0,0,1,0,0,0,1,0
114,heuristic_shop,eclipse,nova,0,1,1,225,4,5,0,0,0,1,0,0,target_miss,0,0,0,2,0,0,0,1,1
115,heuristic_shop,eclipse,nova,0,1,2,352,5,11,1,0,0,1,0,0,target_miss,0,0,0,1,0,0,0,2,2
116,heuristic_shop,eclipse,nova,0,1,0,218,2,0,0,0,0,0,0,0,target_miss,0,0,0,1,0,0,0,1,0
117,heuristic_shop,eclipse,nova,0,1,1,242,4,5,0,0,0,1,0,0,target_miss,0,0,0,1,0,0,0,3,0
118,heuristic_shop,eclipse,nova,0,1,2,94,5,11,1,0,0,1,0,0,target_miss,0,0,0,2,0,0,0,2,1
119,heuristic_shop,eclipse,nova,0,1,1,229,4,5,0,0,0,1,0,0,target_miss,0,0,0,1,0,0,0,3,0
120,heuristic_shop,eclipse,nova,0,1,0,263,2,0,0,0,0,0,0,0,target_miss,0,0,0,1,0,0,0,1,0
101,heuristic_shop,eclipse,supernova,0,1,0,45,2,0,0,0,0,0,0,0,target_miss,0,0,0,2,0,0,0,0,0
102,heuristic_shop,eclipse,supernova,0,1,0,293,2,0,0,0,0,0,0,0,target_miss,0,0,0,1,0,0,0,1,0
103,heuristic_shop,eclipse,supernova,0,1,1,435,4,5,0,0,0,0,0,0,target_miss,0,0,0,1,0,0,0,2,1
104,heuristic_shop,eclipse,supernova,0,1,0,225,2,0,0,0,0,0,0,0,target_miss,0,0,0,1,0,0,0,1,0
105,heuristic_shop,eclipse,supernova,0,1,0,111,2,0,0,0,0,0,0,0,target_miss,0,0,0,2,0,0,0,0,0
106,heuristic_shop,eclipse,supernova,0,1,0,254,2,0,0,0,0,0,0,0,target_miss,0,0,0,2,0,0,0,0,0
107,heuristic_shop,eclipse,supernova,0,1,0,92,2,0,0,0,0,0,0,0,target_miss,0,0,0,2,0,0,0,0,0
108,heuristic_shop,eclipse,supernova,0,1,0,263,2,0,0,0,0,0,0,0,target_miss,0,0,0,1,0,0,0,1,0
109,heuristic_shop,eclipse,supernova,0,1,0,242,2,0,0,0,0,0,0,0,target_miss,0,0,0,1,0,0,0,1,0
110,heuristic_shop,eclipse,supernova,0,1,0,47,2,0,0,0,0,0,0,0,target_miss,0,0,0,2,0,0,0,0,0
111,heuristic_shop,eclipse,supernova,0,1,0,249,2,0,0,0,0,0,0,0,target_miss,0,0,0,1,0,0,0,1,0
112,heuristic_shop,eclipse,supernova,0,1,0,94,2,0,0,0,0,0,0,0,target_miss,0,0,0,2,0,0,0,0,0
113,heuristic_shop,eclipse,supernova,0,1,0,263,2,0,0,0,0,0,0,0,target_miss,0,0,0,1,0,0,0,1,0
114,heuristic_shop,eclipse,supernova,0,1,1,225,4,5,0,0,0,0,0,0,target_miss,0,0,0,2,0,0,0,1,1
115,heuristic_shop,eclipse,supernova,0,1,1,704,3,6,0,0,0,1,0,0,target_miss,0,0,0,0,0,0,0,1,2
116,heuristic_shop,eclipse,supernova,0,1,0,218,2,0,0,0,0,0,0,0,target_miss,0,0,0,1,0,0,0,1,0
117,heuristic_shop,eclipse,supernova,0,1,1,242,4,5,0,0,0,0,0,0,target_miss,0,0,0,1,0,0,0,3,0
118,heuristic_shop,eclipse,supernova,0,1,1,595,4,5,0,0,0,0,0,0,target_miss,0,0,0,2,0,0,0,1,1
119,heuristic_shop,eclipse,supernova,0,1,1,229,4,5,0,0,0,0,0,0,target_miss,0,0,0,1,0,0,0,3,0
120,heuristic_shop,eclipse,supernova,0,1,0,263,2,0,0,0,0,0,0,0,target_miss,0,0,0,1,0,0,0,1,0
101,heuristic_shop,polyhedra,spark,0,2,4,863,15,33,5,1,0,0,0,0,target_miss,1,5,0,6,0,0,0,3,0
102,heuristic_shop,polyhedra,spark,0,1,1,193,5,10,0,1,0,1,0,0,target_miss,0,4,0,0,0,0,0,1,0
103,heuristic_shop,polyhedra,spark,0,1,2,0,5,17,0,2,0,0,0,0,iter_cap,0,3,0,0,0,0,0,2,0
104,heuristic_shop,polyhedra,spark,0,1,2,977,10,13,2,0,0,0,0,0,target_miss,1,3,0,5,0,0,0,1,0
105,heuristic_shop,polyhedra,spark,0,1,0,237,4,0,0,0,0,0,0,0,target_miss,0,4,0,0,0,0,0,0,0
106,heuristic_shop,polyhedra,spark,0,1,2,432,8,14,0,2,0,0,0,0,target_miss,0,3,0,5,0,0,0,0,0
107,heuristic_shop,polyhedra,spark,0,1,2,423,7,15,0,2,0,0,0,0,target_miss,1,2,0,3,0,0,0,1,0
108,heuristic_shop,polyhedra,spark,0,1,1,559,7,10,0,1,0,1,0,0,target_miss,1,3,0,2,0,0,0,1,0
109,heuristic_shop,polyhedra,spark,0,1,1,129,7,11,1,1,0,0,0,0,target_miss,1,5,0,0,0,0,0,1,0
110,heuristic_shop,polyhedra,spark,0,1,0,152,4,0,0,0,0,0,0,0,target_miss,0,3,0,1,0,0,0,0,0
111,heuristic_shop,polyhedra,spark,0,1,1,744,6,7,1,0,0,0,0,0,target_miss,0,3,0,3,0,0,0,0,0
112,heuristic_shop,polyhedra,spark,0,1,1,654,6,7,0,1,0,0,0,0,target_miss,0,3,0,3,0,0,0,0,0
113,heuristic_shop,polyhedra,spark,0,1,1,513,6,7,0,1,0,0,0,0,target_miss,1,2,0,3,0,0,0,0,0
114,heuristic_shop,polyhedra,spark,0,1,1,330,5,10,0,1,0,0,0,0,target_miss,0,3,0,1,0,0,0,1,0
115,heuristic_shop,polyhedra,spark,0,1,1,359,6,7,1,0,0,0,0,0,target_miss,0,4,0,2,0,0,0,0,0
116,heuristic_shop,polyhedra,spark,0,1,1,358,6,7,0,1,0,0,0,0,target_miss,1,4,0,1,0,0,0,0,0
117,heuristic_shop,polyhedra,spark,0,1,1,569,6,7,1,0,0,0,0,0,target_miss,0,4,0,2,0,0,0,0,0
118,heuristic_shop,polyhedra,spark,0,1,1,158,5,8,0,1,0,0,0,0,target_miss,1,3,0,1,0,0,0,0,0
119,heuristic_shop,polyhedra,spark,0,1,0,207,4,0,0,0,0,0,0,0,target_miss,0,4,0,0,0,0,0,0,0
120,heuristic_shop,polyhedra,spark,0,1,0,131,4,0,0,0,0,0,0,0,target_miss,1,3,0,0,0,0,0,0,0
101,heuristic_shop,polyhedra,ember,0,1,0,249,3,0,0,0,0,0,0,0,target_miss,0,2,0,1,0,0,0,0,0
102,heuristic_shop,polyhedra,ember,0,1,1,93,4,8,0,1,0,0,0,0,target_miss,1,2,0,0,0,0,0,1,0
103,heuristic_shop,polyhedra,ember,0,1,2,0,5,14,1,1,0,0,0,0,iter_cap,0,3,0,0,0,0,0,2,0
104,heuristic_shop,polyhedra,ember,0,1,0,295,3,0,0,0,0,0,0,0,target_miss,0,2,0,1,0,0,0,0,0
105,heuristic_shop,polyhedra,ember,0,1,0,145,3,0,0,0,0,0,0,0,target_miss,1,2,0,0,0,0,0,0,0
106,heuristic_shop,polyhedra,ember,0,1,1,812,4,7,1,0,0,0,0,0,target_miss,0,0,0,4,0,0,0,0,0
107,heuristic_shop,polyhedra,ember,0,1,2,389,6,13,1,1,0,0,0,0,target_miss,1,1,0,3,0,0,0,1,0
108,heuristic_shop,polyhedra,ember,0,1,0,127,3,0,0,0,0,0,0,0,target_miss,0,3,0,0,0,0,0,0,0
109,heuristic_shop,polyhedra,ember,0,1,1,311,6,5,1,0,0,0,0,0,target_miss,0,4,0,2,0,0,0,0,0
110,heuristic_shop,polyhedra,ember,0,1,0,111,3,0,0,0,0,0,0,0,target_miss,0,2,0,1,0,0,0,0,0
111,heuristic_shop,polyhedra,ember,0,1,1,383,5,6,1,0,0,0,0,0,target_miss,0,3,0,2,0,0,0,0,0
112,heuristic_shop,polyhedra,ember,0,1,0,288,3,0,0,0,0,0,0,0,target_miss,0,2,0,1,0,0,0,0,0
113,heuristic_shop,polyhedra,ember,0,1,0,284,3,0,0,0,0,0,0,0,target_miss,1,1,0,1,0,0,0,0,0
114,heuristic_shop,polyhedra,ember,0,1,1,241,4,8,0,1,0,0,0,0,target_miss,1,1,0,1,0,0,0,1,0
115,heuristic_shop,polyhedra,ember,0,1,2,89,7,12,2,0,0,0,0,0,target_miss,1,4,0,1,0,0,0,1,0
116,heuristic_shop,polyhedra,ember,0,1,1,278,6,5,1,0,0,0,0,0,target_miss,1,4,0,1,0,0,0,0,0
117,heuristic_shop,polyhedra,ember,0,1,1,248,5,6,1,0,0,0,0,0,target_miss,0,4,0,1,0,0,0,0,0
118,heuristic_shop,polyhedra,ember,0,1,1,148,4,7,0,1,0,0,0,0,target_miss,0,3,0,1,0,0,0,0,0
119,heuristic_shop,polyhedra,ember,0,1,0,90,3,0,0,0,0,0,0,0,target_miss,1,2,0,0,0,0,0,0,0
120,heuristic_shop,polyhedra,ember,0,1,0,121,3,0,0,0,0,0,0,0,target_miss,0,3,0,0,0,0,0,0,0
101,heuristic_shop,polyhedra,pyre,0,1,0,37,3,0,0,0,0,0,0,0,target_miss,1,2,0,0,0,0,0,0,0
102,heuristic_shop,polyhedra,pyre,0,1,1,377,4,8,0,1,0,0,0,0,target_miss,0,2,0,1,0,0,0,1,0
103,heuristic_shop,polyhedra,pyre,0,1,1,136,5,6,1,0,0,0,0,0,target_miss,0,4,0,1,0,0,0,0,0
104,heuristic_shop,polyhedra,pyre,0,1,0,282,3,0,0,0,0,0,0,0,target_miss,1,1,0,1,0,0,0,0,0
105,heuristic_shop,polyhedra,pyre,0,1,1,558,5,6,1,0,0,0,0,0,target_miss,0,2,0,3,0,0,0,0,0
106,heuristic_shop,polyhedra,pyre,0,1,1,121,4,7,1,0,0,0,0,0,target_miss,1,2,0,1,0,0,0,0,0
107,heuristic_shop,polyhedra,pyre,0,1,0,176,3,0,0,0,0,0,0,0,target_miss,0,3,0,0,0,0,0,0,0
108,heuristic_shop,polyhedra,pyre,0,1,0,123,3,0,0,0,0,0,0,0,target_miss,0,3,0,0,0,0,0,0,0
109,heuristic_shop,polyhedra,pyre,0,1,1,167,6,5,1,0,0,0,0,0,target_miss,0,5,0,1,0,0,0,0,0
110,heuristic_shop,polyhedra,pyre,0,1,1,348,5,9,2,1,0,2,0,0,target_miss,0,2,0,3,0,0,0,0,0
111,heuristic_shop,polyhedra,pyre,0,1,1,166,5,6,1,0,0,0,0,0,target_miss,0,4,0,1,0,0,0,0,0
112,heuristic_shop,polyhedra,pyre,0,1,0,128,3,0,0,0,0,0,0,0,target_miss,0,3,0,0,0,0,0,0,0
113,heuristic_shop,polyhedra,pyre,0,1,2,110,8,16,3,0,0,0,0,0,target_miss,1,5,0,1,0,0,0,1,0
114,heuristic_shop,polyhedra,pyre,0,1,1,249,6,5,1,0,0,0,0,0,target_miss,1,3,0,2,0,0,0,0,0
115,heuristic_shop,polyhedra,pyre,0,1,1,383,5,8,1,0,0,0,0,0,target_miss,0,3,0,1,0,0,0,1,0
116,heuristic_shop,polyhedra,pyre,0,1,0,90,3,0,0,0,0,0,0,0,target_miss,1,2,0,0,0,0,0,0,0
117,heuristic_shop,polyhedra,pyre,0,1,0,159,3,0,0,0,0,0,0,0,target_miss,0,3,0,0,0,0,0,0,0
118,heuristic_shop,polyhedra,pyre,0,1,1,604,6,5,1,0,0,0,0,0,target_miss,0,4,0,2,0,0,0,0,0
119,heuristic_shop,polyhedra,pyre,0,1,0,108,3,0,0,0,0,0,0,0,target_miss,1,2,0,0,0,0,0,0,0
120,heuristic_shop,polyhedra,pyre,0,1,1,510,6,8,0,1,0,0,0,0,target_miss,0,5,0,0,0,0,0,1,0
101,heuristic_shop,polyhedra,beacon,0,1,0,37,3,0,0,0,0,0,0,0,target_miss,1,2,0,0,0,0,0,0,0
102,heuristic_shop,polyhedra,beacon,0,1,1,377,4,8,0,1,0,0,0,0,target_miss,0,2,0,1,0,0,0,1,0
103,heuristic_shop,polyhedra,beacon,0,1,1,123,6,5,0,0,0,1,0,0,target_miss,1,4,0,1,0,0,0,0,0
104,heuristic_shop,polyhedra,beacon,0,1,0,282,3,0,0,0,0,0,0,0,target_miss,1,1,0,1,0,0,0,0,0
105,heuristic_shop,polyhedra,beacon,0,1,1,558,5,6,1,0,0,0,0,0,target_miss,0,2,0,3,0,0,0,0,0
106,heuristic_shop,polyhedra,beacon,0,1,1,121,4,7,1,0,0,0,0,0,target_miss,1,2,0,1,0,0,0,0,0
107,heuristic_shop,polyhedra,beacon,0,1,0,176,3,0,0,0,0,0,0,0,target_miss,0,3,0,0,0,0,0,0,0
108,heuristic_shop,polyhedra,beacon,0,1,0,123,3,0,0,0,0,0,0,0,target_miss,0,3,0,0,0,0,0,0,0
109,heuristic_shop,polyhedra,beacon,0,1,1,167,6,5,0,0,0,1,0,0,target_miss,0,5,0,1,0,0,0,0,0
110,heuristic_shop,polyhedra,beacon,0,1,1,348,5,9,2,1,0,2,0,0,target_miss,0,2,0,3,0,0,0,0,0
111,heuristic_shop,polyhedra,beacon,0,1,1,166,5,6,1,0,0,0,0,0,target_miss,0,4,0,1,0,0,0,0,0
112,heuristic_shop,polyhedra,beacon,0,1,0,128,3,0,0,0,0,0,0,0,target_miss,0,3,0,0,0,0,0,0,0
113,heuristic_shop,polyhedra,beacon,0,1,0,319,3,0,0,0,0,0,0,0,target_miss,0,2,0,1,0,0,0,0,0
114,heuristic_shop,polyhedra,beacon,0,1,0,311,3,0,0,0,0,0,0,0,target_miss,0,2,0,1,0,0,0,0,0
115,heuristic_shop,polyhedra,beacon,0,1,1,383,5,7,1,0,0,0,0,0,target_miss,0,3,0,1,0,0,0,1,0
116,heuristic_shop,polyhedra,beacon,0,1,0,90,3,0,0,0,0,0,0,0,target_miss,1,2,0,0,0,0,0,0,0
117,heuristic_shop,polyhedra,beacon,0,1,0,159,3,0,0,0,0,0,0,0,target_miss,0,3,0,0,0,0,0,0,0
118,heuristic_shop,polyhedra,beacon,0,1,1,549,6,5,0,0,0,1,0,0,target_miss,0,4,0,2,0,0,0,0,0
119,heuristic_shop,polyhedra,beacon,0,1,0,108,3,0,0,0,0,0,0,0,target_miss,1,2,0,0,0,0,0,0,0
120,heuristic_shop,polyhedra,beacon,0,1,1,838,5,8,1,0,0,0,0,0,target_miss,1,3,0,0,0,0,0,1,0
101,heuristic_shop,polyhedra,nova,0,1,0,33,2,0,0,0,0,0,0,0,target_miss,1,1,0,0,0,0,0,0,0
102,heuristic_shop,polyhedra,nova,0,1,1,95,3,6,1,0,0,0,0,0,target_miss,0,2,0,0,0,0,0,1,0
103,heuristic_shop,polyhedra,nova,0,1,0,90,2,0,0,0,0,0,0,0,target_miss,0,2,0,0,0,0,0,0,0
104,heuristic_shop,polyhedra,nova,0,1,0,242,2,0,0,0,0,0,0,0,target_miss,1,0,0,1,0,0,0,0,0
105,heuristic_shop,polyhedra,nova,0,1,0,106,2,0,0,0,0,0,0,0,target_miss,0,2,0,0,0,0,0,0,0
106,heuristic_shop,polyhedra,nova,0,1,1,114,3,6,1,0,0,0,0,0,target_miss,0,2,0,1,0,0,0,0,0
107,heuristic_shop,polyhedra,nova,0,1,0,78,2,0,0,0,0,0,0,0,target_miss,0,2,0,0,0,0,0,0,0
108,heuristic_shop,polyhedra,nova,0,1,0,73,2,0,0,0,0,0,0,0,target_miss,0,2,0,0,0,0,0,0,0
109,heuristic_shop,polyhedra,nova,0,1,0,290,2,0,0,0,0,0,0,0,target_miss,0,1,0,1,0,0,0,0,0
110,heuristic_shop,polyhedra,nova,0,1,1,283,4,8,2,1,0,2,0,0,target_miss,0,1,0,3,0,0,0,0,0
111,heuristic_shop,polyhedra,nova,0,1,0,99,2,0,0,0,0,0,0,0,target_miss,0,2,0,0,0,0,0,0,0
112,heuristic_shop,polyhedra,nova,0,1,0,43,2,0,0,0,0,0,0,0,target_miss,1,1,0,0,0,0,0,0,0
113,heuristic_shop,polyhedra,nova,0,1,0,282,2,0,0,0,0,0,0,0,target_miss,0,1,0,1,0,0,0,0,0
114,heuristic_shop,polyhedra,nova,0,1,0,243,2,0,0,0,0,0,0,0,target_miss,1,0,0,1,0,0,0,0,0
115,heuristic_shop,polyhedra,nova,0,1,0,73,2,0,0,0,0,0,0,0,target_miss,0,2,0,0,0,0,0,0,0
116,heuristic_shop,polyhedra,nova,0,1,0,80,2,0,0,0,0,0,0,0,target_miss,0,2,0,0,0,0,0,0,0
117,heuristic_shop,polyhedra,nova,0,1,0,50,2,0,0,0,0,0,0,0,target_miss,1,1,0,0,0,0,0,0,0
118,heuristic_shop,polyhedra,nova,0,1,0,135,2,0,0,0,0,0,0,0,target_miss,1,1,0,0,0,0,0,0,0
119,heuristic_shop,polyhedra,nova,0,1,0,100,2,0,0,0,0,0,0,0,target_miss,0,2,0,0,0,0,0,0,0
120,heuristic_shop,polyhedra,nova,0,1,0,320,2,0,0,0,0,0,0,0,target_miss,0,1,0,1,0,0,0,0,0
101,heuristic_shop,polyhedra,supernova,0,1,0,33,2,0,0,0,0,0,0,0,target_miss,1,1,0,0,0,0,0,0,0
102,heuristic_shop,polyhedra,supernova,0,1,1,95,3,6,0,0,0,1,0,0,target_miss,0,2,0,0,0,0,0,1,0
103,heuristic_shop,polyhedra,supernova,0,1,0,90,2,0,0,0,0,0,0,0,target_miss,0,2,0,0,0,0,0,0,0
104,heuristic_shop,polyhedra,supernova,0,1,0,242,2,0,0,0,0,0,0,0,target_miss,1,0,0,1,0,0,0,0,0
105,heuristic_shop,polyhedra,supernova,0,1,0,106,2,0,0,0,0,0,0,0,target_miss,0,2,0,0,0,0,0,0,0
106,heuristic_shop,polyhedra,supernova,0,1,1,266,4,5,0,0,0,0,0,0,target_miss,0,2,0,2,0,0,0,0,0
107,heuristic_shop,polyhedra,supernova,0,1,0,78,2,0,0,0,0,0,0,0,target_miss,0,2,0,0,0,0,0,0,0
108,heuristic_shop,polyhedra,supernova,0,1,0,73,2,0,0,0,0,0,0,0,target_miss,0,2,0,0,0,0,0,0,0
109,heuristic_shop,polyhedra,supernova,0,1,0,290,2,0,0,0,0,0,0,0,target_miss,0,1,0,1,0,0,0,0,0
110,heuristic_shop,polyhedra,supernova,0,1,1,283,4,8,2,1,0,2,0,0,target_miss,0,1,0,3,0,0,0,0,0
111,heuristic_shop,polyhedra,supernova,0,1,0,99,2,0,0,0,0,0,0,0,target_miss,0,2,0,0,0,0,0,0,0
112,heuristic_shop,polyhedra,supernova,0,1,0,43,2,0,0,0,0,0,0,0,target_miss,1,1,0,0,0,0,0,0,0
113,heuristic_shop,polyhedra,supernova,0,1,0,282,2,0,0,0,0,0,0,0,target_miss,0,1,0,1,0,0,0,0,0
114,heuristic_shop,polyhedra,supernova,0,1,0,243,2,0,0,0,0,0,0,0,target_miss,1,0,0,1,0,0,0,0,0
115,heuristic_shop,polyhedra,supernova,0,1,0,73,2,0,0,0,0,0,0,0,target_miss,0,2,0,0,0,0,0,0,0
116,heuristic_shop,polyhedra,supernova,0,1,0,80,2,0,0,0,0,0,0,0,target_miss,0,2,0,0,0,0,0,0,0
117,heuristic_shop,polyhedra,supernova,0,1,0,50,2,0,0,0,0,0,0,0,target_miss,1,1,0,0,0,0,0,0,0
118,heuristic_shop,polyhedra,supernova,0,1,0,135,2,0,0,0,0,0,0,0,target_miss,1,1,0,0,0,0,0,0,0
119,heuristic_shop,polyhedra,supernova,0,1,0,100,2,0,0,0,0,0,0,0,target_miss,0,2,0,0,0,0,0,0,0
120,heuristic_shop,polyhedra,supernova,0,1,0,320,2,0,0,0,0,0,0,0,target_miss,0,1,0,1,0,0,0,0,0
101,heuristic_shop,ophiuchus,spark,0,1,0,11,4,0,0,0,0,0,0,0,target_miss,0,3,0,1,0,0,0,0,0
102,heuristic_shop,ophiuchus,spark,0,1,0,99,4,0,0,0,0,0,0,0,target_miss,0,3,0,1,0,0,0,0,0
103,heuristic_shop,ophiuchus,spark,0,1,0,227,4,0,0,0,0,0,0,0,target_miss,0,1,0,3,0,0,0,0,0
104,heuristic_shop,ophiuchus,spark,0,1,1,280,7,6,1,0,0,0,0,0,target_miss,0,2,0,4,0,0,0,1,0
105,heuristic_shop,ophiuchus,spark,0,1,0,138,4,0,0,0,0,0,0,0,target_miss,0,3,0,1,0,0,0,0,0
106,heuristic_shop,ophiuchus,spark,0,1,1,471,6,7,1,0,0,0,0,0,target_miss,0,1,0,4,0,0,0,1,0
107,heuristic_shop,ophiuchus,spark,0,1,0,140,4,0,0,0,0,0,0,0,target_miss,0,2,0,2,0,0,0,0,0
108,heuristic_shop,ophiuchus,spark,0,1,0,224,4,0,0,0,0,0,0,0,target_miss,0,1,0,3,0,0,0,0,0
109,heuristic_shop,ophiuchus,spark,0,1,1,154,5,8,0,1,0,0,0,0,target_miss,0,2,0,2,0,0,0,1,0
110,heuristic_shop,ophiuchus,spark,0,1,1,125,6,7,1,0,0,0,0,0,target_miss,0,3,0,2,0,0,0,1,0
111,heuristic_shop,ophiuchus,spark,0,1,1,392,6,7,1,0,0,0,0,0,target_miss,0,3,0,1,0,0,0,2,0
112,heuristic_shop,ophiuchus,spark,0,1,1,227,6,7,1,0,0,0,0,0,target_miss,0,2,0,3,0,0,0,1,0
113,heuristic_shop,ophiuchus,spark,0,1,0,146,4,0,0,0,0,0,0,0,target_miss,0,2,0,2,0,0,0,0,0
114,heuristic_shop,ophiuchus,spark,0,1,0,240,4,0,0,0,0,0,0,0,target_miss,0,1,0,3,0,0,0,0,0
115,heuristic_shop,ophiuchus,spark,0,1,0,195,4,0,0,0,0,0,0,0,target_miss,0,1,0,3,0,0,0,0,0
116,heuristic_shop,ophiuchus,spark,0,1,0,213,4,0,0,0,0,0,0,0,target_miss,0,1,0,3,0,0,0,0,0
117,heuristic_shop,ophiuchus,spark,0,1,1,315,7,6,1,0,0,0,0,0,target_miss,0,3,0,3,0,0,0,1,0
118,heuristic_shop,ophiuchus,spark,0,1,2,123,11,11,2,0,0,0,0,0,target_miss,0,5,0,3,0,0,0,3,0
119,heuristic_shop,ophiuchus,spark,0,1,0,127,4,0,0,0,0,0,0,0,target_miss,1,2,0,1,0,0,0,0,0
120,heuristic_shop,ophiuchus,spark,0,1,0,183,4,0,0,0,0,0,0,0,target_miss,1,1,0,2,0,0,0,0,0
101,heuristic_shop,ophiuchus,ember,0,1,0,11,3,0,0,0,0,0,0,0,target_miss,0,3,0,0,0,0,0,0,0
102,heuristic_shop,ophiuchus,ember,0,1,0,89,3,0,0,0,0,0,0,0,target_miss,0,2,0,1,0,0,0,0,0
103,heuristic_shop,ophiuchus,ember,0,1,0,135,3,0,0,0,0,0,0,0,target_miss,0,1,0,2,0,0,0,0,0
104,heuristic_shop,ophiuchus,ember,0,1,0,134,3,0,0,0,0,0,0,0,target_miss,0,1,0,2,0,0,0,0,0
105,heuristic_shop,ophiuchus,ember,0,1,0,151,3,0,0,0,0,0,0,0,target_miss,0,2,0,1,0,0,0,0,0
106,heuristic_shop,ophiuchus,ember,0,1,1,179,6,5,1,0,0,0,0,0,target_miss,0,1,0,5,0,0,0,0,0
107,heuristic_shop,ophiuchus,ember,0,1,0,88,3,0,0,0,0,0,0,0,target_miss,1,1,0,1,0,0,0,0,0
108,heuristic_shop,ophiuchus,ember,0,1,0,142,3,0,0,0,0,0,0,0,target_miss,0,1,0,2,0,0,0,0,0
109,heuristic_shop,ophiuchus,ember,0,1,1,102,5,6,1,0,0,0,0,0,target_miss,0,2,0,2,0,0,0,1,0
110,heuristic_shop,ophiuchus,ember,0,1,1,106,5,6,1,0,0,0,0,0,target_miss,0,2,0,2,0,0,0,1,0
111,heuristic_shop,ophiuchus,ember,0,1,1,388,5,6,1,0,0,0,0,0,target_miss,0,2,0,1,0,0,0,2,0
112,heuristic_shop,ophiuchus,ember,0,1,1,125,5,6,1,0,0,0,0,0,target_miss,0,2,0,2,0,0,0,1,0
113,heuristic_shop,ophiuchus,ember,0,1,0,133,3,0,0,0,0,0,0,0,target_miss,0,1,0,2,0,0,0,0,0
114,heuristic_shop,ophiuchus,ember,0,1,0,146,3,0,0,0,0,0,0,0,target_miss,0,1,0,2,0,0,0,0,0
115,heuristic_shop,ophiuchus,ember,0,1,0,135,3,0,0,0,0,0,0,0,target_miss,0,1,0,2,0,0,0,0,0
116,heuristic_shop,ophiuchus,ember,0,1,0,138,3,0,0,0,0,0,0,0,target_miss,0,1,0,2,0,0,0,0,0
117,heuristic_shop,ophiuchus,ember,0,1,0,77,3,0,0,0,0,0,0,0,target_miss,1,1,0,1,0,0,0,0,0
118,heuristic_shop,ophiuchus,ember,0,1,0,148,3,0,0,0,0,0,0,0,target_miss,0,3,0,0,0,0,0,0,0
119,heuristic_shop,ophiuchus,ember,0,1,0,46,3,0,0,0,0,0,0,0,target_miss,0,3,0,0,0,0,0,0,0
120,heuristic_shop,ophiuchus,ember,0,1,0,181,3,0,0,0,0,0,0,0,target_miss,0,1,0,2,0,0,0,0,0
101,heuristic_shop,ophiuchus,pyre,0,1,0,54,3,0,0,0,0,0,0,0,target_miss,0,2,0,1,0,0,0,0,0
102,heuristic_shop,ophiuchus,pyre,0,1,0,93,3,0,0,0,0,0,0,0,target_miss,0,2,0,1,0,0,0,0,0
103,heuristic_shop,ophiuchus,pyre,0,1,0,48,3,0,0,0,0,0,0,0,target_miss,0,3,0,0,0,0,0,0,0
104,heuristic_shop,ophiuchus,pyre,0,1,0,46,3,0,0,0,0,0,0,0,target_miss,0,3,0,0,0,0,0,0,0
105,heuristic_shop,ophiuchus,pyre,0,1,0,48,3,0,0,0,0,0,0,0,target_miss,1,2,0,0,0,0,0,0,0
106,heuristic_shop,ophiuchus,pyre,0,1,1,89,6,5,1,0,0,0,0,0,target_miss,0,3,0,3,0,0,0,0,0
107,heuristic_shop,ophiuchus,pyre,0,1,0,97,3,0,0,0,0,0,0,0,target_miss,0,2,0,1,0,0,0,0,0
108,heuristic_shop,ophiuchus,pyre,0,1,0,142,3,0,0,0,0,0,0,0,target_miss,0,1,0,2,0,0,0,0,0
109,heuristic_shop,ophiuchus,pyre,0,1,1,304,5,6,1,0,0,0,0,0,target_miss,0,2,0,1,0,0,0,2,0
110,heuristic_shop,ophiuchus,pyre,0,1,0,18,3,0,0,0,0,0,0,0,target_miss,0,2,0,1,0,0,0,0,0
111,heuristic_shop,ophiuchus,pyre,0,1,0,33,3,0,0,0,0,0,0,0,target_miss,1,2,0,0,0,0,0,0,0
112,heuristic_shop,ophiuchus,pyre,0,1,1,101,5,6,1,0,0,0,0,0,target_miss,0,3,0,1,0,0,0,0,1
113,heuristic_shop,ophiuchus,pyre,0,1,0,218,3,0,0,0,0,0,0,0,target_miss,0,0,0,3,0,0,0,0,0
114,heuristic_shop,ophiuchus,pyre,0,1,0,140,3,0,0,0,0,0,0,0,target_miss,0,1,0,2,0,0,0,0,0
115,heuristic_shop,ophiuchus,pyre,0,1,0,127,3,0,0,0,0,0,0,0,target_miss,0,1,0,2,0,0,0,0,0
116,heuristic_shop,ophiuchus,pyre,0,1,0,146,3,0,0,0,0,0,0,0,target_miss,0,1,0,2,0,0,0,0,0
117,heuristic_shop,ophiuchus,pyre,0,1,0,82,3,0,0,0,0,0,0,0,target_miss,0,2,0,1,0,0,0,0,0
118,heuristic_shop,ophiuchus,pyre,0,1,0,138,3,0,0,0,0,0,0,0,target_miss,0,3,0,0,0,0,0,0,0
119,heuristic_shop,ophiuchus,pyre,0,1,1,139,5,6,1,0,0,0,0,0,target_miss,0,2,0,2,0,0,0,1,0
120,heuristic_shop,ophiuchus,pyre,0,1,0,82,3,0,0,0,0,0,0,0,target_miss,0,2,0,1,0,0,0,0,0
101,heuristic_shop,ophiuchus,beacon,0,1,0,54,3,0,0,0,0,0,0,0,target_miss,0,2,0,1,0,0,0,0,0
102,heuristic_shop,ophiuchus,beacon,0,1,0,93,3,0,0,0,0,0,0,0,target_miss,0,2,0,1,0,0,0,0,0
103,heuristic_shop,ophiuchus,beacon,0,1,0,48,3,0,0,0,0,0,0,0,target_miss,0,3,0,0,0,0,0,0,0
104,heuristic_shop,ophiuchus,beacon,0,1,0,46,3,0,0,0,0,0,0,0,target_miss,0,3,0,0,0,0,0,0,0
105,heuristic_shop,ophiuchus,beacon,0,1,0,48,3,0,0,0,0,0,0,0,target_miss,1,2,0,0,0,0,0,0,0
106,heuristic_shop,ophiuchus,beacon,0,1,1,84,6,5,0,0,0,1,0,0,target_miss,0,3,0,3,0,0,0,0,0
107,heuristic_shop,ophiuchus,beacon,0,1,0,97,3,0,0,0,0,0,0,0,target_miss,0,2,0,1,0,0,0,0,0
108,heuristic_shop,ophiuchus,beacon,0,1,0,142,3,0,0,0,0,0,0,0,target_miss,0,1,0,2,0,0,0,0,0
109,heuristic_shop,ophiuchus,beacon,0,1,1,43,6,5,0,0,0,1,0,0,target_miss,0,4,0,1,0,0,0,1,0
110,heuristic_shop,ophiuchus,beacon,0,1,0,18,3,0,0,0,0,0,0,0,target_miss,0,2,0,1,0,0,0,0,0
111,heuristic_shop,ophiuchus,beacon,0,1,0,33,3,0,0,0,0,0,0,0,target_miss,1,2,0,0,0,0,0,0,0
112,heuristic_shop,ophiuchus,beacon,0,1,1,101,5,6,1,0,0,0,0,0,target_miss,0,3,0,1,0,0,0,0,1
113,heuristic_shop,ophiuchus,beacon,0,1,0,218,3,0,0,0,0,0,0,0,target_miss,0,0,0,3,0,0,0,0,0
114,heuristic_shop,ophiuchus,beacon,0,1,0,140,3,0,0,0,0,0,0,0,target_miss,0,1,0,2,0,0,0,0,0
115,heuristic_shop,ophiuchus,beacon,0,1,0,127,3,0,0,0,0,0,0,0,target_miss,0,1,0,2,0,0,0,0,0
116,heuristic_shop,ophiuchus,beacon,0,1,0,146,3,0,0,0,0,0,0,0,target_miss,0,1,0,2,0,0,0,0,0
117,heuristic_shop,ophiuchus,beacon,0,1,0,82,3,0,0,0,0,0,0,0,target_miss,0,2,0,1,0,0,0,0,0
118,heuristic_shop,ophiuchus,beacon,0,1,0,138,3,0,0,0,0,0,0,0,target_miss,0,3,0,0,0,0,0,0,0
119,heuristic_shop,ophiuchus,beacon,0,1,1,116,5,6,1,0,0,0,0,0,target_miss,0,2,0,2,0,0,0,1,0
120,heuristic_shop,ophiuchus,beacon,0,1,0,82,3,0,0,0,0,0,0,0,target_miss,0,2,0,1,0,0,0,0,0
101,heuristic_shop,ophiuchus,nova,0,1,0,54,2,0,0,0,0,0,0,0,target_miss,0,1,0,1,0,0,0,0,0
102,heuristic_shop,ophiuchus,nova,0,1,0,82,2,0,0,0,0,0,0,0,target_miss,0,1,0,1,0,0,0,0,0
103,heuristic_shop,ophiuchus,nova,0,1,0,19,2,0,0,0,0,0,0,0,target_miss,0,2,0,0,0,0,0,0,0
104,heuristic_shop,ophiuchus,nova,0,1,0,26,2,0,0,0,0,0,0,0,target_miss,0,2,0,0,0,0,0,0,0
105,heuristic_shop,ophiuchus,nova,0,1,0,17,2,0,0,0,0,0,0,0,target_miss,2,0,0,0,0,0,0,0,0
106,heuristic_shop,ophiuchus,nova,0,1,0,283,2,0,0,0,0,0,0,0,target_miss,0,0,0,2,0,0,0,0,0
107,heuristic_shop,ophiuchus,nova,0,1,0,82,2,0,0,0,0,0,0,0,target_miss,0,1,0,1,0,0,0,0,0
108,heuristic_shop,ophiuchus,nova,0,1,0,67,2,0,0,0,0,0,0,0,target_miss,0,1,0,1,0,0,0,0,0
109,heuristic_shop,ophiuchus,nova,0,1,0,321,2,0,0,0,0,0,0,0,target_miss,0,0,0,1,0,0,0,1,0
110,heuristic_shop,ophiuchus,nova,0,1,0,11,2,0,0,0,0,0,0,0,target_miss,0,1,0,1,0,0,0,0,0
111,heuristic_shop,ophiuchus,nova,0,1,0,30,2,0,0,0,0,0,0,0,target_miss,0,2,0,0,0,0,0,0,0
112,heuristic_shop,ophiuchus,nova,0,1,0,30,2,0,0,0,0,0,0,0,target_miss,0,2,0,0,0,0,0,0,0
113,heuristic_shop,ophiuchus,nova,0,1,0,120,2,0,0,0,0,0,0,0,target_miss,0,0,0,2,0,0,0,0,0
114,heuristic_shop,ophiuchus,nova,0,1,0,131,2,0,0,0,0,0,0,0,target_miss,0,0,0,2,0,0,0,0,0
115,heuristic_shop,ophiuchus,nova,0,1,0,120,2,0,0,0,0,0,0,0,target_miss,0,0,0,2,0,0,0,0,0
116,heuristic_shop,ophiuchus,nova,0,1,0,131,2,0,0,0,0,0,0,0,target_miss,0,0,0,2,0,0,0,0,0
117,heuristic_shop,ophiuchus,nova,0,1,0,71,2,0,0,0,0,0,0,0,target_miss,0,1,0,1,0,0,0,0,0
118,heuristic_shop,ophiuchus,nova,0,1,0,90,2,0,0,0,0,0,0,0,target_miss,0,2,0,0,0,0,0,0,0
119,heuristic_shop,ophiuchus,nova,0,1,0,26,2,0,0,0,0,0,0,0,target_miss,0,2,0,0,0,0,0,0,0
120,heuristic_shop,ophiuchus,nova,0,1,0,17,2,0,0,0,0,0,0,0,target_miss,0,2,0,0,0,0,0,0,0
101,heuristic_shop,ophiuchus,supernova,0,1,0,54,2,0,0,0,0,0,0,0,target_miss,0,1,0,1,0,0,0,0,0
102,heuristic_shop,ophiuchus,supernova,0,1,0,82,2,0,0,0,0,0,0,0,target_miss,0,1,0,1,0,0,0,0,0
103,heuristic_shop,ophiuchus,supernova,0,1,0,19,2,0,0,0,0,0,0,0,target_miss,0,2,0,0,0,0,0,0,0
104,heuristic_shop,ophiuchus,supernova,0,1,0,26,2,0,0,0,0,0,0,0,target_miss,0,2,0,0,0,0,0,0,0
105,heuristic_shop,ophiuchus,supernova,0,1,0,17,2,0,0,0,0,0,0,0,target_miss,2,0,0,0,0,0,0,0,0
106,heuristic_shop,ophiuchus,supernova,0,1,0,283,2,0,0,0,0,0,0,0,target_miss,0,0,0,2,0,0,0,0,0
107,heuristic_shop,ophiuchus,supernova,0,1,0,82,2,0,0,0,0,0,0,0,target_miss,0,1,0,1,0,0,0,0,0
108,heuristic_shop,ophiuchus,supernova,0,1,0,67,2,0,0,0,0,0,0,0,target_miss,0,1,0,1,0,0,0,0,0
109,heuristic_shop,ophiuchus,supernova,0,1,0,321,2,0,0,0,0,0,0,0,target_miss,0,0,0,1,0,0,0,1,0
110,heuristic_shop,ophiuchus,supernova,0,1,0,11,2,0,0,0,0,0,0,0,target_miss,0,1,0,1,0,0,0,0,0
111,heuristic_shop,ophiuchus,supernova,0,1,0,30,2,0,0,0,0,0,0,0,target_miss,0,2,0,0,0,0,0,0,0
112,heuristic_shop,ophiuchus,supernova,0,1,0,30,2,0,0,0,0,0,0,0,target_miss,0,2,0,0,0,0,0,0,0
113,heuristic_shop,ophiuchus,supernova,0,1,0,120,2,0,0,0,0,0,0,0,target_miss,0,0,0,2,0,0,0,0,0
114,heuristic_shop,ophiuchus,supernova,0,1,0,131,2,0,0,0,0,0,0,0,target_miss,0,0,0,2,0,0,0,0,0
115,heuristic_shop,ophiuchus,supernova,0,1,0,120,2,0,0,0,0,0,0,0,target_miss,0,0,0,2,0,0,0,0,0
116,heuristic_shop,ophiuchus,supernova,0,1,0,131,2,0,0,0,0,0,0,0,target_miss,0,0,0,2,0,0,0,0,0
117,heuristic_shop,ophiuchus,supernova,0,1,0,71,2,0,0,0,0,0,0,0,target_miss,0,1,0,1,0,0,0,0,0
118,heuristic_shop,ophiuchus,supernova,0,1,0,90,2,0,0,0,0,0,0,0,target_miss,0,2,0,0,0,0,0,0,0
119,heuristic_shop,ophiuchus,supernova,0,1,0,26,2,0,0,0,0,0,0,0,target_miss,0,2,0,0,0,0,0,0,0
120,heuristic_shop,ophiuchus,supernova,0,1,0,17,2,0,0,0,0,0,0,0,target_miss,0,2,0,0,0,0,0,0,0
